ISO-10303-21;
HEADER;
FILE_DESCRIPTION(('Open CASCADE Model'),'2;1');
FILE_NAME('Open CASCADE Shape Model','2000-01-01T00:00:00',('Author'),(
    'Open CASCADE'),'Open CASCADE STEP processor 7.9','Open CASCADE 7.9'
  ,'Unknown');
FILE_SCHEMA(('AUTOMOTIVE_DESIGN { 1 0 10303 214 1 1 1 1 }'));
ENDSEC;
DATA;
#1 = APPLICATION_PROTOCOL_DEFINITION('international standard',
  'automotive_design',2000,#2);
#2 = APPLICATION_CONTEXT(
  'core data for automotive mechanical design processes');
#3 = SHAPE_DEFINITION_REPRESENTATION(#4,#10);
#4 = PRODUCT_DEFINITION_SHAPE('','',#5);
#5 = PRODUCT_DEFINITION('design','',#6,#9);
#6 = PRODUCT_DEFINITION_FORMATION('','',#7);
#7 = PRODUCT('Open CASCADE STEP translator 7.9 1',
  'Open CASCADE STEP translator 7.9 1','',(#8));
#8 = PRODUCT_CONTEXT('',#2,'mechanical');
#9 = PRODUCT_DEFINITION_CONTEXT('part definition',#2,'design');
#10 = ADVANCED_BREP_SHAPE_REPRESENTATION('',(#11,#15),#2771);
#11 = AXIS2_PLACEMENT_3D('',#12,#13,#14);
#12 = CARTESIAN_POINT('',(0.,0.,0.));
#13 = DIRECTION('',(0.,0.,1.));
#14 = DIRECTION('',(1.,0.,-0.));
#15 = MANIFOLD_SOLID_BREP('',#16);
#16 = CLOSED_SHELL('',(#17,#135,#1363,#1412,#2577,#2604,#2629,#2656,
    #2663,#2710,#2737,#2764));
#17 = ADVANCED_FACE('',(#18),#32,.F.);
#18 = FACE_BOUND('',#19,.F.);
#19 = EDGE_LOOP('',(#20,#55,#81,#109));
#20 = ORIENTED_EDGE('',*,*,#21,.F.);
#21 = EDGE_CURVE('',#22,#24,#26,.T.);
#22 = VERTEX_POINT('',#23);
#23 = CARTESIAN_POINT('',(0.,2.,4.));
#24 = VERTEX_POINT('',#25);
#25 = CARTESIAN_POINT('',(0.,10.,4.));
#26 = SURFACE_CURVE('',#27,(#31,#43),.PCURVE_S1.);
#27 = LINE('',#28,#29);
#28 = CARTESIAN_POINT('',(0.,0.,4.));
#29 = VECTOR('',#30,1.);
#30 = DIRECTION('',(-0.,1.,0.));
#31 = PCURVE('',#32,#37);
#32 = PLANE('',#33);
#33 = AXIS2_PLACEMENT_3D('',#34,#35,#36);
#34 = CARTESIAN_POINT('',(0.,0.,0.));
#35 = DIRECTION('',(1.,0.,-0.));
#36 = DIRECTION('',(0.,0.,1.));
#37 = DEFINITIONAL_REPRESENTATION('',(#38),#42);
#38 = LINE('',#39,#40);
#39 = CARTESIAN_POINT('',(4.,0.));
#40 = VECTOR('',#41,1.);
#41 = DIRECTION('',(0.,-1.));
#42 = ( GEOMETRIC_REPRESENTATION_CONTEXT(2) 
PARAMETRIC_REPRESENTATION_CONTEXT() REPRESENTATION_CONTEXT('2D SPACE',''
  ) );
#43 = PCURVE('',#44,#49);
#44 = PLANE('',#45);
#45 = AXIS2_PLACEMENT_3D('',#46,#47,#48);
#46 = CARTESIAN_POINT('',(0.,0.,4.));
#47 = DIRECTION('',(0.,0.,1.));
#48 = DIRECTION('',(1.,0.,-0.));
#49 = DEFINITIONAL_REPRESENTATION('',(#50),#54);
#50 = LINE('',#51,#52);
#51 = CARTESIAN_POINT('',(0.,0.));
#52 = VECTOR('',#53,1.);
#53 = DIRECTION('',(0.,1.));
#54 = ( GEOMETRIC_REPRESENTATION_CONTEXT(2) 
PARAMETRIC_REPRESENTATION_CONTEXT() REPRESENTATION_CONTEXT('2D SPACE',''
  ) );
#55 = ORIENTED_EDGE('',*,*,#56,.F.);
#56 = EDGE_CURVE('',#57,#22,#59,.T.);
#57 = VERTEX_POINT('',#58);
#58 = CARTESIAN_POINT('',(0.,2.,0.));
#59 = SURFACE_CURVE('',#60,(#64,#70),.PCURVE_S1.);
#60 = LINE('',#61,#62);
#61 = CARTESIAN_POINT('',(0.,2.,-0.5));
#62 = VECTOR('',#63,1.);
#63 = DIRECTION('',(0.,0.,1.));
#64 = PCURVE('',#32,#65);
#65 = DEFINITIONAL_REPRESENTATION('',(#66),#69);
#66 = B_SPLINE_CURVE_WITH_KNOTS('',1,(#67,#68),.UNSPECIFIED.,.F.,.F.,(2,
    2),(0.5,4.5),.PIECEWISE_BEZIER_KNOTS.);
#67 = CARTESIAN_POINT('',(0.,-2.));
#68 = CARTESIAN_POINT('',(4.,-2.));
#69 = ( GEOMETRIC_REPRESENTATION_CONTEXT(2) 
PARAMETRIC_REPRESENTATION_CONTEXT() REPRESENTATION_CONTEXT('2D SPACE',''
  ) );
#70 = PCURVE('',#71,#76);
#71 = PLANE('',#72);
#72 = AXIS2_PLACEMENT_3D('',#73,#74,#75);
#73 = CARTESIAN_POINT('',(-1.,2.,-1.));
#74 = DIRECTION('',(-0.,1.,0.));
#75 = DIRECTION('',(0.,0.,1.));
#76 = DEFINITIONAL_REPRESENTATION('',(#77),#80);
#77 = B_SPLINE_CURVE_WITH_KNOTS('',1,(#78,#79),.UNSPECIFIED.,.F.,.F.,(2,
    2),(0.5,4.5),.PIECEWISE_BEZIER_KNOTS.);
#78 = CARTESIAN_POINT('',(1.,1.));
#79 = CARTESIAN_POINT('',(5.,1.));
#80 = ( GEOMETRIC_REPRESENTATION_CONTEXT(2) 
PARAMETRIC_REPRESENTATION_CONTEXT() REPRESENTATION_CONTEXT('2D SPACE',''
  ) );
#81 = ORIENTED_EDGE('',*,*,#82,.T.);
#82 = EDGE_CURVE('',#57,#83,#85,.T.);
#83 = VERTEX_POINT('',#84);
#84 = CARTESIAN_POINT('',(0.,10.,0.));
#85 = SURFACE_CURVE('',#86,(#90,#97),.PCURVE_S1.);
#86 = LINE('',#87,#88);
#87 = CARTESIAN_POINT('',(0.,0.,0.));
#88 = VECTOR('',#89,1.);
#89 = DIRECTION('',(-0.,1.,0.));
#90 = PCURVE('',#32,#91);
#91 = DEFINITIONAL_REPRESENTATION('',(#92),#96);
#92 = LINE('',#93,#94);
#93 = CARTESIAN_POINT('',(0.,0.));
#94 = VECTOR('',#95,1.);
#95 = DIRECTION('',(0.,-1.));
#96 = ( GEOMETRIC_REPRESENTATION_CONTEXT(2) 
PARAMETRIC_REPRESENTATION_CONTEXT() REPRESENTATION_CONTEXT('2D SPACE',''
  ) );
#97 = PCURVE('',#98,#103);
#98 = PLANE('',#99);
#99 = AXIS2_PLACEMENT_3D('',#100,#101,#102);
#100 = CARTESIAN_POINT('',(0.,0.,0.));
#101 = DIRECTION('',(0.,0.,1.));
#102 = DIRECTION('',(1.,0.,-0.));
#103 = DEFINITIONAL_REPRESENTATION('',(#104),#108);
#104 = LINE('',#105,#106);
#105 = CARTESIAN_POINT('',(0.,0.));
#106 = VECTOR('',#107,1.);
#107 = DIRECTION('',(0.,1.));
#108 = ( GEOMETRIC_REPRESENTATION_CONTEXT(2) 
PARAMETRIC_REPRESENTATION_CONTEXT() REPRESENTATION_CONTEXT('2D SPACE',''
  ) );
#109 = ORIENTED_EDGE('',*,*,#110,.T.);
#110 = EDGE_CURVE('',#83,#24,#111,.T.);
#111 = SURFACE_CURVE('',#112,(#116,#123),.PCURVE_S1.);
#112 = LINE('',#113,#114);
#113 = CARTESIAN_POINT('',(0.,10.,0.));
#114 = VECTOR('',#115,1.);
#115 = DIRECTION('',(0.,0.,1.));
#116 = PCURVE('',#32,#117);
#117 = DEFINITIONAL_REPRESENTATION('',(#118),#122);
#118 = LINE('',#119,#120);
#119 = CARTESIAN_POINT('',(0.,-10.));
#120 = VECTOR('',#121,1.);
#121 = DIRECTION('',(1.,0.));
#122 = ( GEOMETRIC_REPRESENTATION_CONTEXT(2) 
PARAMETRIC_REPRESENTATION_CONTEXT() REPRESENTATION_CONTEXT('2D SPACE',''
  ) );
#123 = PCURVE('',#124,#129);
#124 = PLANE('',#125);
#125 = AXIS2_PLACEMENT_3D('',#126,#127,#128);
#126 = CARTESIAN_POINT('',(0.,10.,0.));
#127 = DIRECTION('',(-0.,1.,0.));
#128 = DIRECTION('',(0.,0.,1.));
#129 = DEFINITIONAL_REPRESENTATION('',(#130),#134);
#130 = LINE('',#131,#132);
#131 = CARTESIAN_POINT('',(0.,0.));
#132 = VECTOR('',#133,1.);
#133 = DIRECTION('',(1.,0.));
#134 = ( GEOMETRIC_REPRESENTATION_CONTEXT(2) 
PARAMETRIC_REPRESENTATION_CONTEXT() REPRESENTATION_CONTEXT('2D SPACE',''
  ) );
#135 = ADVANCED_FACE('',(#136,#263),#44,.T.);
#136 = FACE_BOUND('',#137,.T.);
#137 = EDGE_LOOP('',(#138,#139,#160,#186,#214,#242));
#138 = ORIENTED_EDGE('',*,*,#21,.F.);
#139 = ORIENTED_EDGE('',*,*,#140,.F.);
#140 = EDGE_CURVE('',#141,#22,#143,.T.);
#141 = VERTEX_POINT('',#142);
#142 = CARTESIAN_POINT('',(2.,2.,4.));
#143 = SURFACE_CURVE('',#144,(#148,#154),.PCURVE_S1.);
#144 = LINE('',#145,#146);
#145 = CARTESIAN_POINT('',(-0.5,2.,4.));
#146 = VECTOR('',#147,1.);
#147 = DIRECTION('',(-1.,-0.,0.));
#148 = PCURVE('',#44,#149);
#149 = DEFINITIONAL_REPRESENTATION('',(#150),#153);
#150 = B_SPLINE_CURVE_WITH_KNOTS('',1,(#151,#152),.UNSPECIFIED.,.F.,.F.,
  (2,2),(-2.5,-0.5),.PIECEWISE_BEZIER_KNOTS.);
#151 = CARTESIAN_POINT('',(2.,2.));
#152 = CARTESIAN_POINT('',(0.,2.));
#153 = ( GEOMETRIC_REPRESENTATION_CONTEXT(2) 
PARAMETRIC_REPRESENTATION_CONTEXT() REPRESENTATION_CONTEXT('2D SPACE',''
  ) );
#154 = PCURVE('',#71,#155);
#155 = DEFINITIONAL_REPRESENTATION('',(#156),#159);
#156 = B_SPLINE_CURVE_WITH_KNOTS('',1,(#157,#158),.UNSPECIFIED.,.F.,.F.,
  (2,2),(-2.5,-0.5),.PIECEWISE_BEZIER_KNOTS.);
#157 = CARTESIAN_POINT('',(5.,3.));
#158 = CARTESIAN_POINT('',(5.,1.));
#159 = ( GEOMETRIC_REPRESENTATION_CONTEXT(2) 
PARAMETRIC_REPRESENTATION_CONTEXT() REPRESENTATION_CONTEXT('2D SPACE',''
  ) );
#160 = ORIENTED_EDGE('',*,*,#161,.F.);
#161 = EDGE_CURVE('',#162,#141,#164,.T.);
#162 = VERTEX_POINT('',#163);
#163 = CARTESIAN_POINT('',(2.,0.,4.));
#164 = SURFACE_CURVE('',#165,(#169,#175),.PCURVE_S1.);
#165 = LINE('',#166,#167);
#166 = CARTESIAN_POINT('',(2.,-0.5,4.));
#167 = VECTOR('',#168,1.);
#168 = DIRECTION('',(-0.,1.,0.));
#169 = PCURVE('',#44,#170);
#170 = DEFINITIONAL_REPRESENTATION('',(#171),#174);
#171 = B_SPLINE_CURVE_WITH_KNOTS('',1,(#172,#173),.UNSPECIFIED.,.F.,.F.,
  (2,2),(0.5,2.5),.PIECEWISE_BEZIER_KNOTS.);
#172 = CARTESIAN_POINT('',(2.,0.));
#173 = CARTESIAN_POINT('',(2.,2.));
#174 = ( GEOMETRIC_REPRESENTATION_CONTEXT(2) 
PARAMETRIC_REPRESENTATION_CONTEXT() REPRESENTATION_CONTEXT('2D SPACE',''
  ) );
#175 = PCURVE('',#176,#181);
#176 = PLANE('',#177);
#177 = AXIS2_PLACEMENT_3D('',#178,#179,#180);
#178 = CARTESIAN_POINT('',(2.,-1.,-1.));
#179 = DIRECTION('',(1.,0.,-0.));
#180 = DIRECTION('',(0.,0.,1.));
#181 = DEFINITIONAL_REPRESENTATION('',(#182),#185);
#182 = B_SPLINE_CURVE_WITH_KNOTS('',1,(#183,#184),.UNSPECIFIED.,.F.,.F.,
  (2,2),(0.5,2.5),.PIECEWISE_BEZIER_KNOTS.);
#183 = CARTESIAN_POINT('',(5.,-1.));
#184 = CARTESIAN_POINT('',(5.,-3.));
#185 = ( GEOMETRIC_REPRESENTATION_CONTEXT(2) 
PARAMETRIC_REPRESENTATION_CONTEXT() REPRESENTATION_CONTEXT('2D SPACE',''
  ) );
#186 = ORIENTED_EDGE('',*,*,#187,.T.);
#187 = EDGE_CURVE('',#162,#188,#190,.T.);
#188 = VERTEX_POINT('',#189);
#189 = CARTESIAN_POINT('',(14.,0.,4.));
#190 = SURFACE_CURVE('',#191,(#195,#202),.PCURVE_S1.);
#191 = LINE('',#192,#193);
#192 = CARTESIAN_POINT('',(0.,0.,4.));
#193 = VECTOR('',#194,1.);
#194 = DIRECTION('',(1.,0.,-0.));
#195 = PCURVE('',#44,#196);
#196 = DEFINITIONAL_REPRESENTATION('',(#197),#201);
#197 = LINE('',#198,#199);
#198 = CARTESIAN_POINT('',(0.,0.));
#199 = VECTOR('',#200,1.);
#200 = DIRECTION('',(1.,0.));
#201 = ( GEOMETRIC_REPRESENTATION_CONTEXT(2) 
PARAMETRIC_REPRESENTATION_CONTEXT() REPRESENTATION_CONTEXT('2D SPACE',''
  ) );
#202 = PCURVE('',#203,#208);
#203 = PLANE('',#204);
#204 = AXIS2_PLACEMENT_3D('',#205,#206,#207);
#205 = CARTESIAN_POINT('',(0.,0.,0.));
#206 = DIRECTION('',(-0.,1.,0.));
#207 = DIRECTION('',(0.,0.,1.));
#208 = DEFINITIONAL_REPRESENTATION('',(#209),#213);
#209 = LINE('',#210,#211);
#210 = CARTESIAN_POINT('',(4.,0.));
#211 = VECTOR('',#212,1.);
#212 = DIRECTION('',(0.,1.));
#213 = ( GEOMETRIC_REPRESENTATION_CONTEXT(2) 
PARAMETRIC_REPRESENTATION_CONTEXT() REPRESENTATION_CONTEXT('2D SPACE',''
  ) );
#214 = ORIENTED_EDGE('',*,*,#215,.T.);
#215 = EDGE_CURVE('',#188,#216,#218,.T.);
#216 = VERTEX_POINT('',#217);
#217 = CARTESIAN_POINT('',(14.,10.,4.));
#218 = SURFACE_CURVE('',#219,(#223,#230),.PCURVE_S1.);
#219 = LINE('',#220,#221);
#220 = CARTESIAN_POINT('',(14.,0.,4.));
#221 = VECTOR('',#222,1.);
#222 = DIRECTION('',(-0.,1.,0.));
#223 = PCURVE('',#44,#224);
#224 = DEFINITIONAL_REPRESENTATION('',(#225),#229);
#225 = LINE('',#226,#227);
#226 = CARTESIAN_POINT('',(14.,0.));
#227 = VECTOR('',#228,1.);
#228 = DIRECTION('',(0.,1.));
#229 = ( GEOMETRIC_REPRESENTATION_CONTEXT(2) 
PARAMETRIC_REPRESENTATION_CONTEXT() REPRESENTATION_CONTEXT('2D SPACE',''
  ) );
#230 = PCURVE('',#231,#236);
#231 = PLANE('',#232);
#232 = AXIS2_PLACEMENT_3D('',#233,#234,#235);
#233 = CARTESIAN_POINT('',(14.,0.,0.));
#234 = DIRECTION('',(1.,0.,-0.));
#235 = DIRECTION('',(0.,0.,1.));
#236 = DEFINITIONAL_REPRESENTATION('',(#237),#241);
#237 = LINE('',#238,#239);
#238 = CARTESIAN_POINT('',(4.,0.));
#239 = VECTOR('',#240,1.);
#240 = DIRECTION('',(0.,-1.));
#241 = ( GEOMETRIC_REPRESENTATION_CONTEXT(2) 
PARAMETRIC_REPRESENTATION_CONTEXT() REPRESENTATION_CONTEXT('2D SPACE',''
  ) );
#242 = ORIENTED_EDGE('',*,*,#243,.F.);
#243 = EDGE_CURVE('',#24,#216,#244,.T.);
#244 = SURFACE_CURVE('',#245,(#249,#256),.PCURVE_S1.);
#245 = LINE('',#246,#247);
#246 = CARTESIAN_POINT('',(0.,10.,4.));
#247 = VECTOR('',#248,1.);
#248 = DIRECTION('',(1.,0.,-0.));
#249 = PCURVE('',#44,#250);
#250 = DEFINITIONAL_REPRESENTATION('',(#251),#255);
#251 = LINE('',#252,#253);
#252 = CARTESIAN_POINT('',(0.,10.));
#253 = VECTOR('',#254,1.);
#254 = DIRECTION('',(1.,0.));
#255 = ( GEOMETRIC_REPRESENTATION_CONTEXT(2) 
PARAMETRIC_REPRESENTATION_CONTEXT() REPRESENTATION_CONTEXT('2D SPACE',''
  ) );
#256 = PCURVE('',#124,#257);
#257 = DEFINITIONAL_REPRESENTATION('',(#258),#262);
#258 = LINE('',#259,#260);
#259 = CARTESIAN_POINT('',(4.,0.));
#260 = VECTOR('',#261,1.);
#261 = DIRECTION('',(0.,1.));
#262 = ( GEOMETRIC_REPRESENTATION_CONTEXT(2) 
PARAMETRIC_REPRESENTATION_CONTEXT() REPRESENTATION_CONTEXT('2D SPACE',''
  ) );
#263 = FACE_BOUND('',#264,.T.);
#264 = EDGE_LOOP('',(#265,#799,#825,#1339));
#265 = ORIENTED_EDGE('',*,*,#266,.T.);
#266 = EDGE_CURVE('',#267,#269,#271,.T.);
#267 = VERTEX_POINT('',#268);
#268 = CARTESIAN_POINT('',(9.416666666667,6.,4.));
#269 = VERTEX_POINT('',#270);
#270 = CARTESIAN_POINT('',(9.416666666667,4.,4.));
#271 = SURFACE_CURVE('',#272,(#443,#617),.PCURVE_S1.);
#272 = B_SPLINE_CURVE_WITH_KNOTS('',7,(#273,#274,#275,#276,#277,#278,
    #279,#280,#281,#282,#283,#284,#285,#286,#287,#288,#289,#290,#291,
    #292,#293,#294,#295,#296,#297,#298,#299,#300,#301,#302,#303,#304,
    #305,#306,#307,#308,#309,#310,#311,#312,#313,#314,#315,#316,#317,
    #318,#319,#320,#321,#322,#323,#324,#325,#326,#327,#328,#329,#330,
    #331,#332,#333,#334,#335,#336,#337,#338,#339,#340,#341,#342,#343,
    #344,#345,#346,#347,#348,#349,#350,#351,#352,#353,#354,#355,#356,
    #357,#358,#359,#360,#361,#362,#363,#364,#365,#366,#367,#368,#369,
    #370,#371,#372,#373,#374,#375,#376,#377,#378,#379,#380,#381,#382,
    #383,#384,#385,#386,#387,#388,#389,#390,#391,#392,#393,#394,#395,
    #396,#397,#398,#399,#400,#401,#402,#403,#404,#405,#406,#407,#408,
    #409,#410,#411,#412,#413,#414,#415,#416,#417,#418,#419,#420,#421,
    #422,#423,#424,#425,#426,#427,#428,#429,#430,#431,#432,#433,#434,
    #435,#436,#437,#438,#439,#440,#441,#442),.UNSPECIFIED.,.F.,.F.,(8,6,
    6,6,6,6,6,6,6,6,6,6,6,6,6,6,6,6,6,6,6,6,6,6,6,6,6,6,8),(0.,
    2.900176947086E-02,4.800292914987E-02,6.90042108548E-02,
    8.800537053381E-02,0.109006652239,0.128007811918,0.157009581389,
    0.184011228987,0.213012998458,0.242014767929,0.265016171635,
    0.294017941106,0.323019710577,0.352021480047,0.381023249518,
    0.406024775192,0.435026544663,0.463028253205,0.492030022676,
    0.519031670274,0.548033439745,0.577035209216,0.606036978687,
    0.635038748158,0.6610403348,0.689042043342,0.713043508036,1.),
  .UNSPECIFIED.);
#273 = CARTESIAN_POINT('',(9.416666666667,6.,4.));
#274 = CARTESIAN_POINT('',(9.42968183592,6.,4.));
#275 = CARTESIAN_POINT('',(9.44269700673,5.999802372885,4.));
#276 = CARTESIAN_POINT('',(9.455708574974,5.999407118739,4.));
#277 = CARTESIAN_POINT('',(9.468712940264,5.998814319578,4.));
#278 = CARTESIAN_POINT('',(9.48170650595,5.998024139356,4.));
#279 = CARTESIAN_POINT('',(9.494685679112,5.997036823958,4.));
#280 = CARTESIAN_POINT('',(9.516138685829,5.995076896628,4.));
#281 = CARTESIAN_POINT('',(9.524622783278,5.994216612253,4.));
#282 = CARTESIAN_POINT('',(9.533098154021,5.993271940259,4.));
#283 = CARTESIAN_POINT('',(9.541563790982,5.992242987827,4.));
#284 = CARTESIAN_POINT('',(9.550018688911,5.991129877139,4.));
#285 = CARTESIAN_POINT('',(9.558461844381,5.98993274538,4.));
#286 = CARTESIAN_POINT('',(9.576210078901,5.987235901926,4.));
#287 = CARTESIAN_POINT('',(9.585512334315,5.985717604245,4.));
#288 = CARTESIAN_POINT('',(9.594797669559,5.984097057215,4.));
#289 = CARTESIAN_POINT('',(9.604064736285,5.98237448853,4.));
#290 = CARTESIAN_POINT('',(9.613312190265,5.980550148055,4.));
#291 = CARTESIAN_POINT('',(9.622538691392,5.978624307829,4.));
#292 = CARTESIAN_POINT('',(9.640070524347,5.974763268272,4.));
#293 = CARTESIAN_POINT('',(9.648379899931,5.97284642813,4.));
#294 = CARTESIAN_POINT('',(9.656670041048,5.970846959536,4.));
#295 = CARTESIAN_POINT('',(9.664939961997,5.968765095046,4.));
#296 = CARTESIAN_POINT('',(9.673188680769,5.966601081871,4.));
#297 = CARTESIAN_POINT('',(9.681415219042,5.964355181878,4.));
#298 = CARTESIAN_POINT('',(9.698685499321,5.959455160217,4.));
#299 = CARTESIAN_POINT('',(9.707724110515,5.956782953016,4.));
#300 = CARTESIAN_POINT('',(9.716733119718,5.954011423393,4.));
#301 = CARTESIAN_POINT('',(9.725711217751,5.951140966238,4.));
#302 = CARTESIAN_POINT('',(9.734657102303,5.948171997923,4.));
#303 = CARTESIAN_POINT('',(9.743569477931,5.945104956302,4.));
#304 = CARTESIAN_POINT('',(9.760479150573,5.939077040881,4.));
#305 = CARTESIAN_POINT('',(9.768482760476,5.936133874684,4.));
#306 = CARTESIAN_POINT('',(9.77645693149,5.933111142304,4.));
#307 = CARTESIAN_POINT('',(9.784400714834,5.930009198004,4.));
#308 = CARTESIAN_POINT('',(9.792313167226,5.926828410123,4.));
#309 = CARTESIAN_POINT('',(9.800193350879,5.923569161079,4.));
#310 = CARTESIAN_POINT('',(9.82001730675,5.915138052851,4.));
#311 = CARTESIAN_POINT('',(9.831916935379,5.909862394961,4.));
#312 = CARTESIAN_POINT('',(9.843735902797,5.904406284333,4.));
#313 = CARTESIAN_POINT('',(9.855470927911,5.898771205538,4.));
#314 = CARTESIAN_POINT('',(9.867118765134,5.892958717085,4.));
#315 = CARTESIAN_POINT('',(9.878676204383,5.886970451419,4.));
#316 = CARTESIAN_POINT('',(9.900813326342,5.875070767117,4.));
#317 = CARTESIAN_POINT('',(9.911405472707,5.869182529181,4.));
#318 = CARTESIAN_POINT('',(9.921913948502,5.863144778189,4.));
#319 = CARTESIAN_POINT('',(9.932336223505,5.856958944213,4.));
#320 = CARTESIAN_POINT('',(9.942669798954,5.850626510321,4.));
#321 = CARTESIAN_POINT('',(9.952912207538,5.844149012576,4.));
#322 = CARTESIAN_POINT('',(9.973961582597,5.83041662514,4.));
#323 = CARTESIAN_POINT('',(9.984754170758,5.823139691138,4.));
#324 = CARTESIAN_POINT('',(9.995435759376,5.815699207377,4.));
#325 = CARTESIAN_POINT('',(10.006003377839,5.80809720978,4.));
#326 = CARTESIAN_POINT('',(10.016454103434,5.800335800853,4.));
#327 = CARTESIAN_POINT('',(10.026785061343,5.792417149681,4.));
#328 = CARTESIAN_POINT('',(10.047201787944,5.776269834186,4.));
#329 = CARTESIAN_POINT('',(10.057287559077,5.768041167932,4.));
#330 = CARTESIAN_POINT('',(10.067247911226,5.759659728969,4.));
#331 = CARTESIAN_POINT('',(10.077080071327,5.751127815046,4.));
#332 = CARTESIAN_POINT('',(10.086781320074,5.742447785855,4.));
#333 = CARTESIAN_POINT('',(10.096348991914,5.733622063038,4.));
#334 = CARTESIAN_POINT('',(10.113260616962,5.717539838513,4.));
#335 = CARTESIAN_POINT('',(10.120655095469,5.710336464852,4.));
#336 = CARTESIAN_POINT('',(10.127962608081,5.703044247848,4.));
#337 = CARTESIAN_POINT('',(10.135181875504,5.695664448836,4.));
#338 = CARTESIAN_POINT('',(10.142311641639,5.688198351846,4.));
#339 = CARTESIAN_POINT('',(10.149350673587,5.680647263599,4.));
#340 = CARTESIAN_POINT('',(10.165057133418,5.663386089623,4.));
#341 = CARTESIAN_POINT('',(10.17367033508,5.653626659065,4.));
#342 = CARTESIAN_POINT('',(10.182134941071,5.643736887611,4.));
#343 = CARTESIAN_POINT('',(10.19044858895,5.633719493418,4.));
#344 = CARTESIAN_POINT('',(10.198608979388,5.623577247025,4.));
#345 = CARTESIAN_POINT('',(10.206613876172,5.613312971349,4.));
#346 = CARTESIAN_POINT('',(10.222308336238,5.592546112029,4.));
#347 = CARTESIAN_POINT('',(10.229997901396,5.582043525901,4.));
#348 = CARTESIAN_POINT('',(10.237527628714,5.571424658706,4.));
#349 = CARTESIAN_POINT('',(10.244895412845,5.560692432261,4.));
#350 = CARTESIAN_POINT('',(10.25209921606,5.549849814808,4.));
#351 = CARTESIAN_POINT('',(10.259137068252,5.538899821009,4.));
#352 = CARTESIAN_POINT('',(10.272877065608,5.516791202882,4.));
#353 = CARTESIAN_POINT('',(10.279579212414,5.505632575911,4.));
#354 = CARTESIAN_POINT('',(10.286111605,5.494372692204,4.));
#355 = CARTESIAN_POINT('',(10.292472412578,5.483014653006,4.));
#356 = CARTESIAN_POINT('',(10.298659875923,5.471561599642,4.));
#357 = CARTESIAN_POINT('',(10.30467230737,5.460016713511,4.));
#358 = CARTESIAN_POINT('',(10.316343874266,5.436749718669,4.));
#359 = CARTESIAN_POINT('',(10.32200301111,5.425027607175,4.));
#360 = CARTESIAN_POINT('',(10.327483885396,5.413220103161,4.));
#361 = CARTESIAN_POINT('',(10.332784956083,5.401330461575,4.));
#362 = CARTESIAN_POINT('',(10.337904757037,5.389361970769,4.));
#363 = CARTESIAN_POINT('',(10.342841897041,5.377317952491,4.));
#364 = CARTESIAN_POINT('',(10.351692613916,5.354756769884,4.));
#365 = CARTESIAN_POINT('',(10.355653443678,5.344258140322,4.));
#366 = CARTESIAN_POINT('',(10.359476706034,5.333708022263,4.));
#367 = CARTESIAN_POINT('',(10.363161600735,5.32310857964,4.));
#368 = CARTESIAN_POINT('',(10.36670737032,5.31246199126,4.));
#369 = CARTESIAN_POINT('',(10.370113300113,5.301770450804,4.));
#370 = CARTESIAN_POINT('',(10.377166603196,5.27858439755,4.));
#371 = CARTESIAN_POINT('',(10.380765416376,5.266075110146,4.));
#372 = CARTESIAN_POINT('',(10.384174108917,5.253511752745,4.));
#373 = CARTESIAN_POINT('',(10.387391711442,5.240897793754,4.));
#374 = CARTESIAN_POINT('',(10.390417334051,5.228236721847,4.));
#375 = CARTESIAN_POINT('',(10.393250166317,5.215532045974,4.));
#376 = CARTESIAN_POINT('',(10.398437777545,5.19048201886,4.));
#377 = CARTESIAN_POINT('',(10.400805673258,5.178139381045,4.));
#378 = CARTESIAN_POINT('',(10.402992506692,5.165762558329,4.));
#379 = CARTESIAN_POINT('',(10.404997690476,5.153354738502,4.));
#380 = CARTESIAN_POINT('',(10.406820707606,5.140919120722,4.));
#381 = CARTESIAN_POINT('',(10.408461111442,5.128458915524,4.));
#382 = CARTESIAN_POINT('',(10.411427990481,5.103050003752,4.));
#383 = CARTESIAN_POINT('',(10.412741161935,5.090099740881,4.));
#384 = CARTESIAN_POINT('',(10.413857622156,5.077130136008,4.));
#385 = CARTESIAN_POINT('',(10.414777035045,5.064144774735,4.));
#386 = CARTESIAN_POINT('',(10.415499146318,5.051147248458,4.));
#387 = CARTESIAN_POINT('',(10.416023783504,5.038141154367,4.));
#388 = CARTESIAN_POINT('',(10.416655371677,5.013016350856,4.));
#389 = CARTESIAN_POINT('',(10.416788633375,5.00089830019,4.));
#390 = CARTESIAN_POINT('',(10.416750568012,4.98877885088,4.));
#391 = CARTESIAN_POINT('',(10.416541164172,4.976660909295,4.));
#392 = CARTESIAN_POINT('',(10.416160472062,4.964547380739,4.));
#393 = CARTESIAN_POINT('',(10.415608603505,4.952441169452,4.));
#394 = CARTESIAN_POINT('',(10.414109314348,4.927353188523,4.));
#395 = CARTESIAN_POINT('',(10.413135621504,4.914372986293,4.));
#396 = CARTESIAN_POINT('',(10.4119648685,4.901408169619,4.));
#397 = CARTESIAN_POINT('',(10.410597351987,4.888462327582,4.));
#398 = CARTESIAN_POINT('',(10.409033450184,4.875539040649,4.));
#399 = CARTESIAN_POINT('',(10.407273622873,4.86264188067,4.));
#400 = CARTESIAN_POINT('',(10.403363199936,4.836906941089,4.));
#401 = CARTESIAN_POINT('',(10.401212603842,4.824069158409,4.));
#402 = CARTESIAN_POINT('',(10.398867164636,4.81126462605,4.));
#403 = CARTESIAN_POINT('',(10.396327504274,4.79849689122,4.));
#404 = CARTESIAN_POINT('',(10.393594325159,4.785769485124,4.));
#405 = CARTESIAN_POINT('',(10.390668410133,4.773085922969,4.));
#406 = CARTESIAN_POINT('',(10.384432834838,4.747813484947,4.));
#407 = CARTESIAN_POINT('',(10.381123173822,4.73522460606,4.));
#408 = CARTESIAN_POINT('',(10.377622502888,4.72268656646,4.));
#409 = CARTESIAN_POINT('',(10.373931764139,4.710202842058,4.));
#410 = CARTESIAN_POINT('',(10.370051978332,4.697776885512,4.));
#411 = CARTESIAN_POINT('',(10.365984244879,4.685412126224,4.));
#412 = CARTESIAN_POINT('',(10.357475238814,4.660811814466,4.));
#413 = CARTESIAN_POINT('',(10.353033965183,4.648576259055,4.));
#414 = CARTESIAN_POINT('',(10.348407099178,4.636408710207,4.));
#415 = CARTESIAN_POINT('',(10.343595895234,4.624312543704,4.));
#416 = CARTESIAN_POINT('',(10.338601683998,4.612291105016,4.));
#417 = CARTESIAN_POINT('',(10.33342587233,4.600347709299,4.));
#418 = CARTESIAN_POINT('',(10.323268075857,4.577850683874,4.));
#419 = CARTESIAN_POINT('',(10.318321428303,4.56728109609,4.));
#420 = CARTESIAN_POINT('',(10.313231069333,4.556779244831,4.));
#421 = CARTESIAN_POINT('',(10.307998115006,4.546347473123,4.));
#422 = CARTESIAN_POINT('',(10.302623728751,4.535988100231,4.));
#423 = CARTESIAN_POINT('',(10.297109121361,4.525703421661,4.));
#424 = CARTESIAN_POINT('',(10.285367090644,4.504502788054,4.));
#425 = CARTESIAN_POINT('',(10.279117464985,4.493599127317,4.));
#426 = CARTESIAN_POINT('',(10.272708245718,4.482787564554,4.));
#427 = CARTESIAN_POINT('',(10.266141065312,4.472070900129,4.));
#428 = CARTESIAN_POINT('',(10.259417617011,4.461451897165,4.));
#429 = CARTESIAN_POINT('',(10.252539654833,4.450933281542,4.));
#430 = CARTESIAN_POINT('',(10.239482712433,4.431590136403,4.));
#431 = CARTESIAN_POINT('',(10.233344243346,4.422738258897,4.));
#432 = CARTESIAN_POINT('',(10.227094728967,4.413963802116,4.));
#433 = CARTESIAN_POINT('',(10.220735343009,4.405268436082,4.));
#434 = CARTESIAN_POINT('',(10.214267290238,4.396653808109,4.));
#435 = CARTESIAN_POINT('',(10.207691806476,4.388121542793,4.));
#436 = CARTESIAN_POINT('',(10.121125774066,4.278667124987,4.));
#437 = CARTESIAN_POINT('',(10.026012375996,4.189595199872,4.));
#438 = CARTESIAN_POINT('',(9.917896591799,4.115346170143,4.));
#439 = CARTESIAN_POINT('',(9.799612806271,4.058089128054,4.));
#440 = CARTESIAN_POINT('',(9.674308949124,4.019347876238,4.));
#441 = CARTESIAN_POINT('',(9.545444578481,4.,4.));
#442 = CARTESIAN_POINT('',(9.416666666667,4.,4.));
#443 = PCURVE('',#44,#444);
#444 = DEFINITIONAL_REPRESENTATION('',(#445),#616);
#445 = B_SPLINE_CURVE_WITH_KNOTS('',7,(#446,#447,#448,#449,#450,#451,
    #452,#453,#454,#455,#456,#457,#458,#459,#460,#461,#462,#463,#464,
    #465,#466,#467,#468,#469,#470,#471,#472,#473,#474,#475,#476,#477,
    #478,#479,#480,#481,#482,#483,#484,#485,#486,#487,#488,#489,#490,
    #491,#492,#493,#494,#495,#496,#497,#498,#499,#500,#501,#502,#503,
    #504,#505,#506,#507,#508,#509,#510,#511,#512,#513,#514,#515,#516,
    #517,#518,#519,#520,#521,#522,#523,#524,#525,#526,#527,#528,#529,
    #530,#531,#532,#533,#534,#535,#536,#537,#538,#539,#540,#541,#542,
    #543,#544,#545,#546,#547,#548,#549,#550,#551,#552,#553,#554,#555,
    #556,#557,#558,#559,#560,#561,#562,#563,#564,#565,#566,#567,#568,
    #569,#570,#571,#572,#573,#574,#575,#576,#577,#578,#579,#580,#581,
    #582,#583,#584,#585,#586,#587,#588,#589,#590,#591,#592,#593,#594,
    #595,#596,#597,#598,#599,#600,#601,#602,#603,#604,#605,#606,#607,
    #608,#609,#610,#611,#612,#613,#614,#615),.UNSPECIFIED.,.F.,.F.,(8,6,
    6,6,6,6,6,6,6,6,6,6,6,6,6,6,6,6,6,6,6,6,6,6,6,6,6,6,8),(0.,
    2.900176947086E-02,4.800292914987E-02,6.90042108548E-02,
    8.800537053381E-02,0.109006652239,0.128007811918,0.157009581389,
    0.184011228987,0.213012998458,0.242014767929,0.265016171635,
    0.294017941106,0.323019710577,0.352021480047,0.381023249518,
    0.406024775192,0.435026544663,0.463028253205,0.492030022676,
    0.519031670274,0.548033439745,0.577035209216,0.606036978687,
    0.635038748158,0.6610403348,0.689042043342,0.713043508036,1.),
  .UNSPECIFIED.);
#446 = CARTESIAN_POINT('',(9.416666666667,6.));
#447 = CARTESIAN_POINT('',(9.42968183592,6.));
#448 = CARTESIAN_POINT('',(9.44269700673,5.999802372885));
#449 = CARTESIAN_POINT('',(9.455708574974,5.999407118739));
#450 = CARTESIAN_POINT('',(9.468712940264,5.998814319578));
#451 = CARTESIAN_POINT('',(9.48170650595,5.998024139356));
#452 = CARTESIAN_POINT('',(9.494685679112,5.997036823958));
#453 = CARTESIAN_POINT('',(9.516138685829,5.995076896628));
#454 = CARTESIAN_POINT('',(9.524622783278,5.994216612253));
#455 = CARTESIAN_POINT('',(9.533098154021,5.993271940259));
#456 = CARTESIAN_POINT('',(9.541563790982,5.992242987827));
#457 = CARTESIAN_POINT('',(9.550018688911,5.991129877139));
#458 = CARTESIAN_POINT('',(9.558461844381,5.98993274538));
#459 = CARTESIAN_POINT('',(9.576210078901,5.987235901926));
#460 = CARTESIAN_POINT('',(9.585512334315,5.985717604245));
#461 = CARTESIAN_POINT('',(9.594797669559,5.984097057215));
#462 = CARTESIAN_POINT('',(9.604064736285,5.98237448853));
#463 = CARTESIAN_POINT('',(9.613312190265,5.980550148055));
#464 = CARTESIAN_POINT('',(9.622538691392,5.978624307829));
#465 = CARTESIAN_POINT('',(9.640070524347,5.974763268272));
#466 = CARTESIAN_POINT('',(9.648379899931,5.97284642813));
#467 = CARTESIAN_POINT('',(9.656670041048,5.970846959536));
#468 = CARTESIAN_POINT('',(9.664939961997,5.968765095046));
#469 = CARTESIAN_POINT('',(9.673188680769,5.966601081871));
#470 = CARTESIAN_POINT('',(9.681415219042,5.964355181878));
#471 = CARTESIAN_POINT('',(9.698685499321,5.959455160217));
#472 = CARTESIAN_POINT('',(9.707724110515,5.956782953016));
#473 = CARTESIAN_POINT('',(9.716733119718,5.954011423393));
#474 = CARTESIAN_POINT('',(9.725711217751,5.951140966238));
#475 = CARTESIAN_POINT('',(9.734657102303,5.948171997923));
#476 = CARTESIAN_POINT('',(9.743569477931,5.945104956302));
#477 = CARTESIAN_POINT('',(9.760479150573,5.939077040881));
#478 = CARTESIAN_POINT('',(9.768482760476,5.936133874684));
#479 = CARTESIAN_POINT('',(9.77645693149,5.933111142304));
#480 = CARTESIAN_POINT('',(9.784400714834,5.930009198004));
#481 = CARTESIAN_POINT('',(9.792313167226,5.926828410123));
#482 = CARTESIAN_POINT('',(9.800193350879,5.923569161079));
#483 = CARTESIAN_POINT('',(9.82001730675,5.915138052851));
#484 = CARTESIAN_POINT('',(9.831916935379,5.909862394961));
#485 = CARTESIAN_POINT('',(9.843735902797,5.904406284333));
#486 = CARTESIAN_POINT('',(9.855470927911,5.898771205538));
#487 = CARTESIAN_POINT('',(9.867118765134,5.892958717085));
#488 = CARTESIAN_POINT('',(9.878676204383,5.886970451419));
#489 = CARTESIAN_POINT('',(9.900813326342,5.875070767117));
#490 = CARTESIAN_POINT('',(9.911405472707,5.869182529181));
#491 = CARTESIAN_POINT('',(9.921913948502,5.863144778189));
#492 = CARTESIAN_POINT('',(9.932336223505,5.856958944213));
#493 = CARTESIAN_POINT('',(9.942669798954,5.850626510321));
#494 = CARTESIAN_POINT('',(9.952912207538,5.844149012576));
#495 = CARTESIAN_POINT('',(9.973961582597,5.83041662514));
#496 = CARTESIAN_POINT('',(9.984754170758,5.823139691138));
#497 = CARTESIAN_POINT('',(9.995435759376,5.815699207377));
#498 = CARTESIAN_POINT('',(10.006003377839,5.80809720978));
#499 = CARTESIAN_POINT('',(10.016454103434,5.800335800853));
#500 = CARTESIAN_POINT('',(10.026785061343,5.792417149681));
#501 = CARTESIAN_POINT('',(10.047201787944,5.776269834186));
#502 = CARTESIAN_POINT('',(10.057287559077,5.768041167932));
#503 = CARTESIAN_POINT('',(10.067247911226,5.759659728969));
#504 = CARTESIAN_POINT('',(10.077080071327,5.751127815046));
#505 = CARTESIAN_POINT('',(10.086781320074,5.742447785855));
#506 = CARTESIAN_POINT('',(10.096348991914,5.733622063038));
#507 = CARTESIAN_POINT('',(10.113260616962,5.717539838513));
#508 = CARTESIAN_POINT('',(10.120655095469,5.710336464852));
#509 = CARTESIAN_POINT('',(10.127962608081,5.703044247848));
#510 = CARTESIAN_POINT('',(10.135181875504,5.695664448836));
#511 = CARTESIAN_POINT('',(10.142311641639,5.688198351846));
#512 = CARTESIAN_POINT('',(10.149350673587,5.680647263599));
#513 = CARTESIAN_POINT('',(10.165057133418,5.663386089623));
#514 = CARTESIAN_POINT('',(10.17367033508,5.653626659065));
#515 = CARTESIAN_POINT('',(10.182134941071,5.643736887611));
#516 = CARTESIAN_POINT('',(10.19044858895,5.633719493418));
#517 = CARTESIAN_POINT('',(10.198608979388,5.623577247025));
#518 = CARTESIAN_POINT('',(10.206613876172,5.613312971349));
#519 = CARTESIAN_POINT('',(10.222308336238,5.592546112029));
#520 = CARTESIAN_POINT('',(10.229997901396,5.582043525901));
#521 = CARTESIAN_POINT('',(10.237527628714,5.571424658706));
#522 = CARTESIAN_POINT('',(10.244895412845,5.560692432261));
#523 = CARTESIAN_POINT('',(10.25209921606,5.549849814808));
#524 = CARTESIAN_POINT('',(10.259137068252,5.538899821009));
#525 = CARTESIAN_POINT('',(10.272877065608,5.516791202882));
#526 = CARTESIAN_POINT('',(10.279579212414,5.505632575911));
#527 = CARTESIAN_POINT('',(10.286111605,5.494372692204));
#528 = CARTESIAN_POINT('',(10.292472412578,5.483014653006));
#529 = CARTESIAN_POINT('',(10.298659875923,5.471561599642));
#530 = CARTESIAN_POINT('',(10.30467230737,5.460016713511));
#531 = CARTESIAN_POINT('',(10.316343874266,5.436749718669));
#532 = CARTESIAN_POINT('',(10.32200301111,5.425027607175));
#533 = CARTESIAN_POINT('',(10.327483885396,5.413220103161));
#534 = CARTESIAN_POINT('',(10.332784956083,5.401330461575));
#535 = CARTESIAN_POINT('',(10.337904757037,5.389361970769));
#536 = CARTESIAN_POINT('',(10.342841897041,5.377317952491));
#537 = CARTESIAN_POINT('',(10.351692613916,5.354756769884));
#538 = CARTESIAN_POINT('',(10.355653443678,5.344258140322));
#539 = CARTESIAN_POINT('',(10.359476706034,5.333708022263));
#540 = CARTESIAN_POINT('',(10.363161600735,5.32310857964));
#541 = CARTESIAN_POINT('',(10.36670737032,5.31246199126));
#542 = CARTESIAN_POINT('',(10.370113300113,5.301770450804));
#543 = CARTESIAN_POINT('',(10.377166603196,5.27858439755));
#544 = CARTESIAN_POINT('',(10.380765416376,5.266075110146));
#545 = CARTESIAN_POINT('',(10.384174108917,5.253511752745));
#546 = CARTESIAN_POINT('',(10.387391711442,5.240897793754));
#547 = CARTESIAN_POINT('',(10.390417334051,5.228236721847));
#548 = CARTESIAN_POINT('',(10.393250166317,5.215532045974));
#549 = CARTESIAN_POINT('',(10.398437777545,5.19048201886));
#550 = CARTESIAN_POINT('',(10.400805673258,5.178139381045));
#551 = CARTESIAN_POINT('',(10.402992506692,5.165762558329));
#552 = CARTESIAN_POINT('',(10.404997690476,5.153354738502));
#553 = CARTESIAN_POINT('',(10.406820707606,5.140919120722));
#554 = CARTESIAN_POINT('',(10.408461111442,5.128458915524));
#555 = CARTESIAN_POINT('',(10.411427990481,5.103050003752));
#556 = CARTESIAN_POINT('',(10.412741161935,5.090099740881));
#557 = CARTESIAN_POINT('',(10.413857622156,5.077130136008));
#558 = CARTESIAN_POINT('',(10.414777035045,5.064144774735));
#559 = CARTESIAN_POINT('',(10.415499146318,5.051147248458));
#560 = CARTESIAN_POINT('',(10.416023783504,5.038141154367));
#561 = CARTESIAN_POINT('',(10.416655371677,5.013016350856));
#562 = CARTESIAN_POINT('',(10.416788633375,5.00089830019));
#563 = CARTESIAN_POINT('',(10.416750568012,4.98877885088));
#564 = CARTESIAN_POINT('',(10.416541164172,4.976660909295));
#565 = CARTESIAN_POINT('',(10.416160472062,4.964547380739));
#566 = CARTESIAN_POINT('',(10.415608603505,4.952441169452));
#567 = CARTESIAN_POINT('',(10.414109314348,4.927353188523));
#568 = CARTESIAN_POINT('',(10.413135621504,4.914372986293));
#569 = CARTESIAN_POINT('',(10.4119648685,4.901408169619));
#570 = CARTESIAN_POINT('',(10.410597351987,4.888462327582));
#571 = CARTESIAN_POINT('',(10.409033450184,4.875539040649));
#572 = CARTESIAN_POINT('',(10.407273622873,4.86264188067));
#573 = CARTESIAN_POINT('',(10.403363199936,4.836906941089));
#574 = CARTESIAN_POINT('',(10.401212603842,4.824069158409));
#575 = CARTESIAN_POINT('',(10.398867164636,4.81126462605));
#576 = CARTESIAN_POINT('',(10.396327504274,4.79849689122));
#577 = CARTESIAN_POINT('',(10.393594325159,4.785769485124));
#578 = CARTESIAN_POINT('',(10.390668410133,4.773085922969));
#579 = CARTESIAN_POINT('',(10.384432834838,4.747813484947));
#580 = CARTESIAN_POINT('',(10.381123173822,4.73522460606));
#581 = CARTESIAN_POINT('',(10.377622502888,4.72268656646));
#582 = CARTESIAN_POINT('',(10.373931764139,4.710202842058));
#583 = CARTESIAN_POINT('',(10.370051978332,4.697776885512));
#584 = CARTESIAN_POINT('',(10.365984244879,4.685412126224));
#585 = CARTESIAN_POINT('',(10.357475238814,4.660811814466));
#586 = CARTESIAN_POINT('',(10.353033965183,4.648576259055));
#587 = CARTESIAN_POINT('',(10.348407099178,4.636408710207));
#588 = CARTESIAN_POINT('',(10.343595895234,4.624312543704));
#589 = CARTESIAN_POINT('',(10.338601683998,4.612291105016));
#590 = CARTESIAN_POINT('',(10.33342587233,4.600347709299));
#591 = CARTESIAN_POINT('',(10.323268075857,4.577850683874));
#592 = CARTESIAN_POINT('',(10.318321428303,4.56728109609));
#593 = CARTESIAN_POINT('',(10.313231069333,4.556779244831));
#594 = CARTESIAN_POINT('',(10.307998115006,4.546347473123));
#595 = CARTESIAN_POINT('',(10.302623728751,4.535988100231));
#596 = CARTESIAN_POINT('',(10.297109121361,4.525703421661));
#597 = CARTESIAN_POINT('',(10.285367090644,4.504502788054));
#598 = CARTESIAN_POINT('',(10.279117464985,4.493599127317));
#599 = CARTESIAN_POINT('',(10.272708245718,4.482787564554));
#600 = CARTESIAN_POINT('',(10.266141065312,4.472070900129));
#601 = CARTESIAN_POINT('',(10.259417617011,4.461451897165));
#602 = CARTESIAN_POINT('',(10.252539654833,4.450933281542));
#603 = CARTESIAN_POINT('',(10.239482712433,4.431590136403));
#604 = CARTESIAN_POINT('',(10.233344243346,4.422738258897));
#605 = CARTESIAN_POINT('',(10.227094728967,4.413963802116));
#606 = CARTESIAN_POINT('',(10.220735343009,4.405268436082));
#607 = CARTESIAN_POINT('',(10.214267290238,4.396653808109));
#608 = CARTESIAN_POINT('',(10.207691806476,4.388121542793));
#609 = CARTESIAN_POINT('',(10.121125774066,4.278667124987));
#610 = CARTESIAN_POINT('',(10.026012375996,4.189595199872));
#611 = CARTESIAN_POINT('',(9.917896591799,4.115346170143));
#612 = CARTESIAN_POINT('',(9.799612806271,4.058089128054));
#613 = CARTESIAN_POINT('',(9.674308949124,4.019347876238));
#614 = CARTESIAN_POINT('',(9.545444578481,4.));
#615 = CARTESIAN_POINT('',(9.416666666667,4.));
#616 = ( GEOMETRIC_REPRESENTATION_CONTEXT(2) 
PARAMETRIC_REPRESENTATION_CONTEXT() REPRESENTATION_CONTEXT('2D SPACE',''
  ) );
#617 = PCURVE('',#618,#626);
#618 = SURFACE_OF_LINEAR_EXTRUSION('',#619,#624);
#619 = CIRCLE('',#620,1.);
#620 = AXIS2_PLACEMENT_3D('',#621,#622,#623);
#621 = CARTESIAN_POINT('',(9.,5.,-1.));
#622 = DIRECTION('',(0.,0.,1.));
#623 = DIRECTION('',(-0.,-1.,0.));
#624 = VECTOR('',#625,1.);
#625 = DIRECTION('',(-8.304547985374E-02,-0.,-0.996545758245));
#626 = DEFINITIONAL_REPRESENTATION('',(#627),#798);
#627 = B_SPLINE_CURVE_WITH_KNOTS('',7,(#628,#629,#630,#631,#632,#633,
    #634,#635,#636,#637,#638,#639,#640,#641,#642,#643,#644,#645,#646,
    #647,#648,#649,#650,#651,#652,#653,#654,#655,#656,#657,#658,#659,
    #660,#661,#662,#663,#664,#665,#666,#667,#668,#669,#670,#671,#672,
    #673,#674,#675,#676,#677,#678,#679,#680,#681,#682,#683,#684,#685,
    #686,#687,#688,#689,#690,#691,#692,#693,#694,#695,#696,#697,#698,
    #699,#700,#701,#702,#703,#704,#705,#706,#707,#708,#709,#710,#711,
    #712,#713,#714,#715,#716,#717,#718,#719,#720,#721,#722,#723,#724,
    #725,#726,#727,#728,#729,#730,#731,#732,#733,#734,#735,#736,#737,
    #738,#739,#740,#741,#742,#743,#744,#745,#746,#747,#748,#749,#750,
    #751,#752,#753,#754,#755,#756,#757,#758,#759,#760,#761,#762,#763,
    #764,#765,#766,#767,#768,#769,#770,#771,#772,#773,#774,#775,#776,
    #777,#778,#779,#780,#781,#782,#783,#784,#785,#786,#787,#788,#789,
    #790,#791,#792,#793,#794,#795,#796,#797),.UNSPECIFIED.,.F.,.F.,(8,6,
    6,6,6,6,6,6,6,6,6,6,6,6,6,6,6,6,6,6,6,6,6,6,6,6,6,6,8),(0.,
    2.900176947086E-02,4.800292914987E-02,6.90042108548E-02,
    8.800537053381E-02,0.109006652239,0.128007811918,0.157009581389,
    0.184011228987,0.213012998458,0.242014767929,0.265016171635,
    0.294017941106,0.323019710577,0.352021480047,0.381023249518,
    0.406024775192,0.435026544663,0.463028253205,0.492030022676,
    0.519031670274,0.548033439745,0.577035209216,0.606036978687,
    0.635038748158,0.6610403348,0.689042043342,0.713043508036,1.),
  .UNSPECIFIED.);
#628 = CARTESIAN_POINT('',(3.14159265359,-5.017331074497));
#629 = CARTESIAN_POINT('',(3.128577484336,-5.017331074497));
#630 = CARTESIAN_POINT('',(3.115562314771,-5.017331074497));
#631 = CARTESIAN_POINT('',(3.10254714502,-5.017331074497));
#632 = CARTESIAN_POINT('',(3.089531975206,-5.017331074497));
#633 = CARTESIAN_POINT('',(3.076516805454,-5.017331074497));
#634 = CARTESIAN_POINT('',(3.063501635889,-5.017331074497));
#635 = CARTESIAN_POINT('',(3.041959286614,-5.017331074497));
#636 = CARTESIAN_POINT('',(3.033432106554,-5.017331074497));
#637 = CARTESIAN_POINT('',(3.024904926472,-5.017331074497));
#638 = CARTESIAN_POINT('',(3.016377746382,-5.017331074497));
#639 = CARTESIAN_POINT('',(3.007850566299,-5.017331074497));
#640 = CARTESIAN_POINT('',(2.99932338624,-5.017331074497));
#641 = CARTESIAN_POINT('',(2.981371428319,-5.017331074497));
#642 = CARTESIAN_POINT('',(2.971946650358,-5.017331074497));
#643 = CARTESIAN_POINT('',(2.96252187236,-5.017331074497));
#644 = CARTESIAN_POINT('',(2.95309709435,-5.017331074497));
#645 = CARTESIAN_POINT('',(2.943672316352,-5.017331074497));
#646 = CARTESIAN_POINT('',(2.934247538391,-5.017331074497));
#647 = CARTESIAN_POINT('',(2.91629558047,-5.017331074497));
#648 = CARTESIAN_POINT('',(2.90776840041,-5.017331074497));
#649 = CARTESIAN_POINT('',(2.899241220328,-5.017331074497));
#650 = CARTESIAN_POINT('',(2.890714040238,-5.017331074497));
#651 = CARTESIAN_POINT('',(2.882186860156,-5.017331074497));
#652 = CARTESIAN_POINT('',(2.873659680096,-5.017331074497));
#653 = CARTESIAN_POINT('',(2.855707722175,-5.017331074497));
#654 = CARTESIAN_POINT('',(2.846282944214,-5.017331074497));
#655 = CARTESIAN_POINT('',(2.836858166216,-5.017331074497));
#656 = CARTESIAN_POINT('',(2.827433388206,-5.017331074497));
#657 = CARTESIAN_POINT('',(2.818008610208,-5.017331074497));
#658 = CARTESIAN_POINT('',(2.808583832247,-5.017331074497));
#659 = CARTESIAN_POINT('',(2.790631874326,-5.017331074497));
#660 = CARTESIAN_POINT('',(2.782104694267,-5.017331074497));
#661 = CARTESIAN_POINT('',(2.773577514184,-5.017331074497));
#662 = CARTESIAN_POINT('',(2.765050334095,-5.017331074497));
#663 = CARTESIAN_POINT('',(2.756523154012,-5.017331074497));
#664 = CARTESIAN_POINT('',(2.747995973952,-5.017331074497));
#665 = CARTESIAN_POINT('',(2.726453624677,-5.017331074497));
#666 = CARTESIAN_POINT('',(2.713438455112,-5.017331074497));
#667 = CARTESIAN_POINT('',(2.70042328536,-5.017331074497));
#668 = CARTESIAN_POINT('',(2.687408115546,-5.017331074497));
#669 = CARTESIAN_POINT('',(2.674392945795,-5.017331074497));
#670 = CARTESIAN_POINT('',(2.66137777623,-5.017331074497));
#671 = CARTESIAN_POINT('',(2.63624503553,-5.017331074497));
#672 = CARTESIAN_POINT('',(2.624127463866,-5.017331074497));
#673 = CARTESIAN_POINT('',(2.612009892072,-5.017331074497));
#674 = CARTESIAN_POINT('',(2.599892320234,-5.017331074497));
#675 = CARTESIAN_POINT('',(2.587774748439,-5.017331074497));
#676 = CARTESIAN_POINT('',(2.575657176775,-5.017331074497));
#677 = CARTESIAN_POINT('',(2.550524436076,-5.017331074497));
#678 = CARTESIAN_POINT('',(2.537509266511,-5.017331074497));
#679 = CARTESIAN_POINT('',(2.524494096759,-5.017331074497));
#680 = CARTESIAN_POINT('',(2.511478926945,-5.017331074497));
#681 = CARTESIAN_POINT('',(2.498463757194,-5.017331074497));
#682 = CARTESIAN_POINT('',(2.485448587629,-5.017331074497));
#683 = CARTESIAN_POINT('',(2.459418249121,-5.017331074497));
#684 = CARTESIAN_POINT('',(2.446403079557,-5.017331074497));
#685 = CARTESIAN_POINT('',(2.433387909805,-5.017331074497));
#686 = CARTESIAN_POINT('',(2.420372739991,-5.017331074497));
#687 = CARTESIAN_POINT('',(2.40735757024,-5.017331074497));
#688 = CARTESIAN_POINT('',(2.394342400675,-5.017331074497));
#689 = CARTESIAN_POINT('',(2.371004855657,-5.017331074497));
#690 = CARTESIAN_POINT('',(2.360682479795,-5.017331074497));
#691 = CARTESIAN_POINT('',(2.350360103875,-5.017331074497));
#692 = CARTESIAN_POINT('',(2.340037727935,-5.017331074497));
#693 = CARTESIAN_POINT('',(2.329715352014,-5.017331074497));
#694 = CARTESIAN_POINT('',(2.319392976153,-5.017331074497));
#695 = CARTESIAN_POINT('',(2.296055431135,-5.017331074497));
#696 = CARTESIAN_POINT('',(2.28304026157,-5.017331074497));
#697 = CARTESIAN_POINT('',(2.270025091818,-5.017331074497));
#698 = CARTESIAN_POINT('',(2.257009922005,-5.017331074497));
#699 = CARTESIAN_POINT('',(2.243994752253,-5.017331074497));
#700 = CARTESIAN_POINT('',(2.230979582688,-5.017331074497));
#701 = CARTESIAN_POINT('',(2.204949244181,-5.017331074497));
#702 = CARTESIAN_POINT('',(2.191934074616,-5.017331074497));
#703 = CARTESIAN_POINT('',(2.178918904864,-5.017331074497));
#704 = CARTESIAN_POINT('',(2.165903735051,-5.017331074497));
#705 = CARTESIAN_POINT('',(2.152888565299,-5.017331074497));
#706 = CARTESIAN_POINT('',(2.139873395734,-5.017331074497));
#707 = CARTESIAN_POINT('',(2.113843057227,-5.017331074497));
#708 = CARTESIAN_POINT('',(2.100827887662,-5.017331074497));
#709 = CARTESIAN_POINT('',(2.08781271791,-5.017331074497));
#710 = CARTESIAN_POINT('',(2.074797548096,-5.017331074497));
#711 = CARTESIAN_POINT('',(2.061782378345,-5.017331074497));
#712 = CARTESIAN_POINT('',(2.04876720878,-5.017331074497));
#713 = CARTESIAN_POINT('',(2.022736870273,-5.017331074497));
#714 = CARTESIAN_POINT('',(2.009721700708,-5.017331074497));
#715 = CARTESIAN_POINT('',(1.996706530956,-5.017331074497));
#716 = CARTESIAN_POINT('',(1.983691361142,-5.017331074497));
#717 = CARTESIAN_POINT('',(1.970676191391,-5.017331074497));
#718 = CARTESIAN_POINT('',(1.957661021826,-5.017331074497));
#719 = CARTESIAN_POINT('',(1.933425878958,-5.017331074497));
#720 = CARTESIAN_POINT('',(1.922205905195,-5.017331074497));
#721 = CARTESIAN_POINT('',(1.910985931343,-5.017331074497));
#722 = CARTESIAN_POINT('',(1.899765957462,-5.017331074497));
#723 = CARTESIAN_POINT('',(1.88854598361,-5.017331074497));
#724 = CARTESIAN_POINT('',(1.877326009847,-5.017331074497));
#725 = CARTESIAN_POINT('',(1.853090866979,-5.017331074497));
#726 = CARTESIAN_POINT('',(1.840075697414,-5.017331074497));
#727 = CARTESIAN_POINT('',(1.827060527662,-5.017331074497));
#728 = CARTESIAN_POINT('',(1.814045357848,-5.017331074497));
#729 = CARTESIAN_POINT('',(1.801030188097,-5.017331074497));
#730 = CARTESIAN_POINT('',(1.788015018532,-5.017331074497));
#731 = CARTESIAN_POINT('',(1.762433478925,-5.017331074497));
#732 = CARTESIAN_POINT('',(1.749867108311,-5.017331074497));
#733 = CARTESIAN_POINT('',(1.73730073754,-5.017331074497));
#734 = CARTESIAN_POINT('',(1.724734366716,-5.017331074497));
#735 = CARTESIAN_POINT('',(1.712167995945,-5.017331074497));
#736 = CARTESIAN_POINT('',(1.699601625331,-5.017331074497));
#737 = CARTESIAN_POINT('',(1.674020085724,-5.017331074497));
#738 = CARTESIAN_POINT('',(1.661004916159,-5.017331074497));
#739 = CARTESIAN_POINT('',(1.647989746408,-5.017331074497));
#740 = CARTESIAN_POINT('',(1.634974576594,-5.017331074497));
#741 = CARTESIAN_POINT('',(1.621959406842,-5.017331074497));
#742 = CARTESIAN_POINT('',(1.608944237277,-5.017331074497));
#743 = CARTESIAN_POINT('',(1.583811496578,-5.017331074497));
#744 = CARTESIAN_POINT('',(1.571693924914,-5.017331074497));
#745 = CARTESIAN_POINT('',(1.559576353119,-5.017331074497));
#746 = CARTESIAN_POINT('',(1.547458781281,-5.017331074497));
#747 = CARTESIAN_POINT('',(1.535341209487,-5.017331074497));
#748 = CARTESIAN_POINT('',(1.523223637823,-5.017331074497));
#749 = CARTESIAN_POINT('',(1.498090897123,-5.017331074497));
#750 = CARTESIAN_POINT('',(1.485075727558,-5.017331074497));
#751 = CARTESIAN_POINT('',(1.472060557807,-5.017331074497));
#752 = CARTESIAN_POINT('',(1.459045387993,-5.017331074497));
#753 = CARTESIAN_POINT('',(1.446030218241,-5.017331074497));
#754 = CARTESIAN_POINT('',(1.433015048676,-5.017331074497));
#755 = CARTESIAN_POINT('',(1.406984710169,-5.017331074497));
#756 = CARTESIAN_POINT('',(1.393969540604,-5.017331074497));
#757 = CARTESIAN_POINT('',(1.380954370852,-5.017331074497));
#758 = CARTESIAN_POINT('',(1.367939201039,-5.017331074497));
#759 = CARTESIAN_POINT('',(1.354924031287,-5.017331074497));
#760 = CARTESIAN_POINT('',(1.341908861722,-5.017331074497));
#761 = CARTESIAN_POINT('',(1.315878523215,-5.017331074497));
#762 = CARTESIAN_POINT('',(1.30286335365,-5.017331074497));
#763 = CARTESIAN_POINT('',(1.289848183898,-5.017331074497));
#764 = CARTESIAN_POINT('',(1.276833014085,-5.017331074497));
#765 = CARTESIAN_POINT('',(1.263817844333,-5.017331074497));
#766 = CARTESIAN_POINT('',(1.250802674768,-5.017331074497));
#767 = CARTESIAN_POINT('',(1.224772336261,-5.017331074497));
#768 = CARTESIAN_POINT('',(1.211757166696,-5.017331074497));
#769 = CARTESIAN_POINT('',(1.198741996944,-5.017331074497));
#770 = CARTESIAN_POINT('',(1.18572682713,-5.017331074497));
#771 = CARTESIAN_POINT('',(1.172711657379,-5.017331074497));
#772 = CARTESIAN_POINT('',(1.159696487814,-5.017331074497));
#773 = CARTESIAN_POINT('',(1.135012546027,-5.017331074497));
#774 = CARTESIAN_POINT('',(1.123343773314,-5.017331074497));
#775 = CARTESIAN_POINT('',(1.111675000492,-5.017331074497));
#776 = CARTESIAN_POINT('',(1.100006227635,-5.017331074497));
#777 = CARTESIAN_POINT('',(1.088337454813,-5.017331074497));
#778 = CARTESIAN_POINT('',(1.0766686821,-5.017331074497));
#779 = CARTESIAN_POINT('',(1.052433539214,-5.017331074497));
#780 = CARTESIAN_POINT('',(1.039867168599,-5.017331074497));
#781 = CARTESIAN_POINT('',(1.027300797828,-5.017331074497));
#782 = CARTESIAN_POINT('',(1.014734427005,-5.017331074497));
#783 = CARTESIAN_POINT('',(1.002168056234,-5.017331074497));
#784 = CARTESIAN_POINT('',(0.98960168562,-5.017331074497));
#785 = CARTESIAN_POINT('',(0.966264140575,-5.017331074497));
#786 = CARTESIAN_POINT('',(0.955492965763,-5.017331074497));
#787 = CARTESIAN_POINT('',(0.944721790878,-5.017331074497));
#788 = CARTESIAN_POINT('',(0.933950615969,-5.017331074497));
#789 = CARTESIAN_POINT('',(0.923179441084,-5.017331074497));
#790 = CARTESIAN_POINT('',(0.912408266272,-5.017331074497));
#791 = CARTESIAN_POINT('',(0.772859179766,-5.017331074497));
#792 = CARTESIAN_POINT('',(0.643994806519,-5.017331074497));
#793 = CARTESIAN_POINT('',(0.51520263107,-5.017331074497));
#794 = CARTESIAN_POINT('',(0.386434460511,-5.017331074497));
#795 = CARTESIAN_POINT('',(0.257642285062,-5.017331074497));
#796 = CARTESIAN_POINT('',(0.128777911814,-5.017331074497));
#797 = CARTESIAN_POINT('',(0.,-5.017331074497));
#798 = ( GEOMETRIC_REPRESENTATION_CONTEXT(2) 
PARAMETRIC_REPRESENTATION_CONTEXT() REPRESENTATION_CONTEXT('2D SPACE',''
  ) );
#799 = ORIENTED_EDGE('',*,*,#800,.T.);
#800 = EDGE_CURVE('',#269,#801,#803,.T.);
#801 = VERTEX_POINT('',#802);
#802 = CARTESIAN_POINT('',(5.416666666667,4.,4.));
#803 = SURFACE_CURVE('',#804,(#808,#814),.PCURVE_S1.);
#804 = LINE('',#805,#806);
#805 = CARTESIAN_POINT('',(2.5,4.,4.));
#806 = VECTOR('',#807,1.);
#807 = DIRECTION('',(-1.,0.,0.));
#808 = PCURVE('',#44,#809);
#809 = DEFINITIONAL_REPRESENTATION('',(#810),#813);
#810 = B_SPLINE_CURVE_WITH_KNOTS('',1,(#811,#812),.UNSPECIFIED.,.F.,.F.,
  (2,2),(-7.,-2.5),.PIECEWISE_BEZIER_KNOTS.);
#811 = CARTESIAN_POINT('',(9.5,4.));
#812 = CARTESIAN_POINT('',(5.,4.));
#813 = ( GEOMETRIC_REPRESENTATION_CONTEXT(2) 
PARAMETRIC_REPRESENTATION_CONTEXT() REPRESENTATION_CONTEXT('2D SPACE',''
  ) );
#814 = PCURVE('',#815,#820);
#815 = PLANE('',#816);
#816 = AXIS2_PLACEMENT_3D('',#817,#818,#819);
#817 = CARTESIAN_POINT('',(5.,4.,-1.));
#818 = DIRECTION('',(0.,1.,0.));
#819 = DIRECTION('',(1.,0.,0.));
#820 = DEFINITIONAL_REPRESENTATION('',(#821),#824);
#821 = B_SPLINE_CURVE_WITH_KNOTS('',1,(#822,#823),.UNSPECIFIED.,.F.,.F.,
  (2,2),(-7.,-2.5),.PIECEWISE_BEZIER_KNOTS.);
#822 = CARTESIAN_POINT('',(4.5,-5.));
#823 = CARTESIAN_POINT('',(0.,-5.));
#824 = ( GEOMETRIC_REPRESENTATION_CONTEXT(2) 
PARAMETRIC_REPRESENTATION_CONTEXT() REPRESENTATION_CONTEXT('2D SPACE',''
  ) );
#825 = ORIENTED_EDGE('',*,*,#826,.T.);
#826 = EDGE_CURVE('',#801,#827,#829,.T.);
#827 = VERTEX_POINT('',#828);
#828 = CARTESIAN_POINT('',(5.416666666667,6.,4.));
#829 = SURFACE_CURVE('',#830,(#995,#1163),.PCURVE_S1.);
#830 = B_SPLINE_CURVE_WITH_KNOTS('',7,(#831,#832,#833,#834,#835,#836,
    #837,#838,#839,#840,#841,#842,#843,#844,#845,#846,#847,#848,#849,
    #850,#851,#852,#853,#854,#855,#856,#857,#858,#859,#860,#861,#862,
    #863,#864,#865,#866,#867,#868,#869,#870,#871,#872,#873,#874,#875,
    #876,#877,#878,#879,#880,#881,#882,#883,#884,#885,#886,#887,#888,
    #889,#890,#891,#892,#893,#894,#895,#896,#897,#898,#899,#900,#901,
    #902,#903,#904,#905,#906,#907,#908,#909,#910,#911,#912,#913,#914,
    #915,#916,#917,#918,#919,#920,#921,#922,#923,#924,#925,#926,#927,
    #928,#929,#930,#931,#932,#933,#934,#935,#936,#937,#938,#939,#940,
    #941,#942,#943,#944,#945,#946,#947,#948,#949,#950,#951,#952,#953,
    #954,#955,#956,#957,#958,#959,#960,#961,#962,#963,#964,#965,#966,
    #967,#968,#969,#970,#971,#972,#973,#974,#975,#976,#977,#978,#979,
    #980,#981,#982,#983,#984,#985,#986,#987,#988,#989,#990,#991,#992,
    #993,#994),.UNSPECIFIED.,.F.,.F.,(8,6,6,6,6,6,6,6,6,6,6,6,6,6,6,6,6,
    6,6,6,6,6,6,6,6,6,6,8),(0.,2.900202225831E-02,5.400376585196E-02,
    8.400585773917E-02,0.124008644558,0.152010597171,0.181012619429,
    0.209014572042,0.2300160368,0.251017501558,0.279019454171,
    0.310021615669,0.336023428948,0.365025451206,0.388027055399,
    0.417029077657,0.438030542415,0.456031797976,0.485033820235,
    0.513035772847,0.542037795106,0.565039399298,0.594041421556,
    0.623043443815,0.645044978293,0.673046930906,0.705049161995,1.),
  .UNSPECIFIED.);
#831 = CARTESIAN_POINT('',(5.416666666667,4.,4.));
#832 = CARTESIAN_POINT('',(5.403651497413,4.,4.));
#833 = CARTESIAN_POINT('',(5.390636326603,4.000197627115,4.));
#834 = CARTESIAN_POINT('',(5.37762475836,4.000592881261,4.));
#835 = CARTESIAN_POINT('',(5.364620393069,4.001185680422,4.));
#836 = CARTESIAN_POINT('',(5.351626827384,4.001975860644,4.));
#837 = CARTESIAN_POINT('',(5.338647654221,4.002963176042,4.));
#838 = CARTESIAN_POINT('',(5.314513021732,4.005168094282,4.));
#839 = CARTESIAN_POINT('',(5.303352942145,4.006335149855,4.));
#840 = CARTESIAN_POINT('',(5.292208522924,4.007648255451,4.));
#841 = CARTESIAN_POINT('',(5.281082057097,4.009107156095,4.));
#842 = CARTESIAN_POINT('',(5.269975831807,4.010711551898,4.));
#843 = CARTESIAN_POINT('',(5.258892128305,4.012461098056,4.));
#844 = CARTESIAN_POINT('',(5.234562534521,4.016628572973,4.));
#845 = CARTESIAN_POINT('',(5.221327552121,4.019110196926,4.));
#846 = CARTESIAN_POINT('',(5.208132207663,4.021799602929,4.));
#847 = CARTESIAN_POINT('',(5.194980413856,4.024696025469,4.));
#848 = CARTESIAN_POINT('',(5.181876063205,4.027798607297,4.));
#849 = CARTESIAN_POINT('',(5.168823028012,4.031106399435,4.));
#850 = CARTESIAN_POINT('',(5.138494671221,4.039300976533,4.));
#851 = CARTESIAN_POINT('',(5.12126224711,4.044346563112,4.));
#852 = CARTESIAN_POINT('',(5.104137025292,4.04975265147,4.));
#853 = CARTESIAN_POINT('',(5.087128047736,4.055516491007,4.));
#854 = CARTESIAN_POINT('',(5.070244261132,4.061635049954,4.));
#855 = CARTESIAN_POINT('',(5.053494516892,4.068105015375,4.));
#856 = CARTESIAN_POINT('',(5.025262708358,4.079695237932,4.));
#857 = CARTESIAN_POINT('',(5.013707812071,4.084638112615,4.));
#858 = CARTESIAN_POINT('',(5.002225883024,4.089750185225,4.));
#859 = CARTESIAN_POINT('',(4.990819892015,4.095030159086,4.));
#860 = CARTESIAN_POINT('',(4.979492779898,4.100476672842,4.));
#861 = CARTESIAN_POINT('',(4.968247457585,4.106088300451,4.));
#862 = CARTESIAN_POINT('',(4.945527559843,4.117845060858,4.));
#863 = CARTESIAN_POINT('',(4.934059137702,4.124002091089,4.));
#864 = CARTESIAN_POINT('',(4.922684740534,4.130332985422,4.));
#865 = CARTESIAN_POINT('',(4.911407528281,4.136836016351,4.));
#866 = CARTESIAN_POINT('',(4.900230619913,4.143509385315,4.));
#867 = CARTESIAN_POINT('',(4.889157093424,4.150351222699,4.));
#868 = CARTESIAN_POINT('',(4.867601054346,4.164126285237,4.));
#869 = CARTESIAN_POINT('',(4.857111326735,4.17104822521,4.));
#870 = CARTESIAN_POINT('',(4.846723536329,4.17812366099,4.));
#871 = CARTESIAN_POINT('',(4.836440375462,4.185350787492,4.));
#872 = CARTESIAN_POINT('',(4.826264495487,4.192727741317,4.));
#873 = CARTESIAN_POINT('',(4.816198506768,4.200252600747,4.));
#874 = CARTESIAN_POINT('',(4.798779832517,4.213676474584,4.));
#875 = CARTESIAN_POINT('',(4.791377944623,4.219511647181,4.));
#876 = CARTESIAN_POINT('',(4.784040398553,4.225428068476,4.));
#877 = CARTESIAN_POINT('',(4.77676826351,4.231424886007,4.));
#878 = CARTESIAN_POINT('',(4.769562594349,4.237501229908,4.));
#879 = CARTESIAN_POINT('',(4.762424431574,4.243656212917,4.));
#880 = CARTESIAN_POINT('',(4.748285171112,4.256121647822,4.));
#881 = CARTESIAN_POINT('',(4.741284072961,4.262432100128,4.));
#882 = CARTESIAN_POINT('',(4.73435253303,4.268819382607,4.));
#883 = CARTESIAN_POINT('',(4.727491561997,4.275282574161,4.));
#884 = CARTESIAN_POINT('',(4.720702155075,4.281820737276,4.));
#885 = CARTESIAN_POINT('',(4.713985292013,4.288432918023,4.));
#886 = CARTESIAN_POINT('',(4.698484130662,4.30403178331,4.));
#887 = CARTESIAN_POINT('',(4.689757004081,4.313075283737,4.));
#888 = CARTESIAN_POINT('',(4.681162843799,4.322246346383,4.));
#889 = CARTESIAN_POINT('',(4.672703883545,4.33154262232,4.));
#890 = CARTESIAN_POINT('',(4.664382304329,4.340961714652,4.));
#891 = CARTESIAN_POINT('',(4.65620023444,4.350501178508,4.));
#892 = CARTESIAN_POINT('',(4.639257784014,4.37085057875,4.));
#893 = CARTESIAN_POINT('',(4.630529366035,4.381687130964,4.));
#894 = CARTESIAN_POINT('',(4.621977312609,4.392664793911,4.));
#895 = CARTESIAN_POINT('',(4.613604355289,4.403780119374,4.));
#896 = CARTESIAN_POINT('',(4.605413140089,4.415029594701,4.));
#897 = CARTESIAN_POINT('',(4.597406227481,4.426409642802,4.));
#898 = CARTESIAN_POINT('',(4.583027269311,4.447567637236,4.));
#899 = CARTESIAN_POINT('',(4.576599830493,4.457307942066,4.));
#900 = CARTESIAN_POINT('',(4.570305235565,4.467135388785,4.));
#901 = CARTESIAN_POINT('',(4.564144899147,4.477047801567,4.));
#902 = CARTESIAN_POINT('',(4.558120190847,4.487042976614,4.));
#903 = CARTESIAN_POINT('',(4.552232435267,4.497118682156,4.));
#904 = CARTESIAN_POINT('',(4.540069982251,4.518598247301,4.));
#905 = CARTESIAN_POINT('',(4.533829023643,4.530021213786,4.));
#906 = CARTESIAN_POINT('',(4.52776181195,4.541538421619,4.));
#907 = CARTESIAN_POINT('',(4.521870049811,4.553146697389,4.));
#908 = CARTESIAN_POINT('',(4.516155366727,4.564842830564,4.));
#909 = CARTESIAN_POINT('',(4.510619319059,4.576623573491,4.));
#910 = CARTESIAN_POINT('',(4.501015584189,4.597893488489,4.));
#911 = CARTESIAN_POINT('',(4.496881074712,4.607352491389,4.));
#912 = CARTESIAN_POINT('',(4.492860601245,4.61686101191,4.));
#913 = CARTESIAN_POINT('',(4.488954873394,4.626417399592,4.));
#914 = CARTESIAN_POINT('',(4.485164570727,4.636019991695,4.));
#915 = CARTESIAN_POINT('',(4.48149034277,4.645667113204,4.));
#916 = CARTESIAN_POINT('',(4.473447223036,4.667574856867,4.));
#917 = CARTESIAN_POINT('',(4.469147155786,4.679860749156,4.));
#918 = CARTESIAN_POINT('',(4.465033849321,4.692211370352,4.));
#919 = CARTESIAN_POINT('',(4.461108467496,4.704623312383,4.));
#920 = CARTESIAN_POINT('',(4.457372095964,4.717093142445,4.));
#921 = CARTESIAN_POINT('',(4.453825742177,4.729617403002,4.));
#922 = CARTESIAN_POINT('',(4.44804055801,4.751298797615,4.));
#923 = CARTESIAN_POINT('',(4.445710908304,4.760431700542,4.));
#924 = CARTESIAN_POINT('',(4.443481738935,4.769589998812,4.));
#925 = CARTESIAN_POINT('',(4.4413533806,4.778772365575,4.));
#926 = CARTESIAN_POINT('',(4.439326142027,4.78797746889,4.));
#927 = CARTESIAN_POINT('',(4.437400309972,4.797203971724,4.));
#928 = CARTESIAN_POINT('',(4.434012582862,4.814376155023,4.));
#929 = CARTESIAN_POINT('',(4.432523713714,4.822316514505,4.));
#930 = CARTESIAN_POINT('',(4.431109708492,4.830270765305,4.));
#931 = CARTESIAN_POINT('',(4.429770721905,4.838238060318,4.));
#932 = CARTESIAN_POINT('',(4.428506896657,4.846217550421,4.));
#933 = CARTESIAN_POINT('',(4.427318363447,4.854208384473,4.));
#934 = CARTESIAN_POINT('',(4.424411877015,4.87510073241,4.));
#935 = CARTESIAN_POINT('',(4.42281425488,4.888018988143,4.));
#936 = CARTESIAN_POINT('',(4.421412871095,4.90096090676,4.));
#937 = CARTESIAN_POINT('',(4.420208140523,4.913922910915,4.));
#938 = CARTESIAN_POINT('',(4.41920039636,4.926901415671,4.));
#939 = CARTESIAN_POINT('',(4.418389890134,4.939892828502,4.));
#940 = CARTESIAN_POINT('',(4.417184834599,4.965445969401,4.));
#941 = CARTESIAN_POINT('',(4.416776905555,4.978007069362,4.));
#942 = CARTESIAN_POINT('',(4.41655315731,4.990573608971,4.));
#943 = CARTESIAN_POINT('',(4.416513671323,5.003142347799,4.));
#944 = CARTESIAN_POINT('',(4.416658457774,5.015710045197,4.));
#945 = CARTESIAN_POINT('',(4.416987455566,5.02827346029,4.));
#946 = CARTESIAN_POINT('',(4.418031933251,5.053833668329,4.));
#947 = CARTESIAN_POINT('',(4.418760796561,5.066829917248,4.));
#948 = CARTESIAN_POINT('',(4.419686975018,5.079814497621,4.));
#949 = CARTESIAN_POINT('',(4.420810239671,5.092783815413,4.));
#950 = CARTESIAN_POINT('',(4.422130279857,5.105734283663,4.));
#951 = CARTESIAN_POINT('',(4.423646703196,5.118662322491,4.));
#952 = CARTESIAN_POINT('',(4.426717092349,5.141797008958,4.));
#953 = CARTESIAN_POINT('',(4.428198378643,5.152013304539,4.));
#954 = CARTESIAN_POINT('',(4.429802657981,5.16221146404,4.));
#955 = CARTESIAN_POINT('',(4.431529661873,5.172389711096,4.));
#956 = CARTESIAN_POINT('',(4.433379089833,5.182546274768,4.));
#957 = CARTESIAN_POINT('',(4.435350609382,5.192679389548,4.));
#958 = CARTESIAN_POINT('',(4.440083167016,5.215532045974,4.));
#959 = CARTESIAN_POINT('',(4.442915999282,5.228236721847,4.));
#960 = CARTESIAN_POINT('',(4.445941621891,5.240897793754,4.));
#961 = CARTESIAN_POINT('',(4.449159224416,5.253511752745,4.));
#962 = CARTESIAN_POINT('',(4.452567916957,5.266075110145,4.));
#963 = CARTESIAN_POINT('',(4.456166730138,5.27858439755,4.));
#964 = CARTESIAN_POINT('',(4.463742500078,5.303487936106,4.));
#965 = CARTESIAN_POINT('',(4.467719457743,5.315882190235,4.));
#966 = CARTESIAN_POINT('',(4.471884439095,5.328215481132,4.));
#967 = CARTESIAN_POINT('',(4.476236317822,5.340484388133,4.));
#968 = CARTESIAN_POINT('',(4.480773890314,5.352685517994,4.));
#969 = CARTESIAN_POINT('',(4.48549587566,5.364815504889,4.));
#970 = CARTESIAN_POINT('',(4.494121980525,5.386016566473,4.));
#971 = CARTESIAN_POINT('',(4.4979483948,5.395119259302,4.));
#972 = CARTESIAN_POINT('',(4.50187956566,5.404177631939,4.));
#973 = CARTESIAN_POINT('',(4.505914875497,5.413190238522,4.));
#974 = CARTESIAN_POINT('',(4.510053681912,5.422155644291,4.));
#975 = CARTESIAN_POINT('',(4.514295317711,5.431072425588,4.));
#976 = CARTESIAN_POINT('',(4.524167529447,5.45122411696,4.));
#977 = CARTESIAN_POINT('',(4.529861414558,5.46242801408,4.));
#978 = CARTESIAN_POINT('',(4.535719319104,5.473547948223,4.));
#979 = CARTESIAN_POINT('',(4.541739753379,5.484581040538,4.));
#980 = CARTESIAN_POINT('',(4.547921165109,5.495524446316,4.));
#981 = CARTESIAN_POINT('',(4.554261939452,5.506375354991,4.));
#982 = CARTESIAN_POINT('',(4.568187209793,5.529423144412,4.));
#983 = CARTESIAN_POINT('',(4.575819978992,5.541590863417,4.));
#984 = CARTESIAN_POINT('',(4.583656201868,5.553630001861,4.));
#985 = CARTESIAN_POINT('',(4.591693272912,5.565536482486,4.));
#986 = CARTESIAN_POINT('',(4.59992848583,5.577306296063,4.));
#987 = CARTESIAN_POINT('',(4.608359033541,5.588935501398,4.));
#988 = CARTESIAN_POINT('',(4.696456266977,5.706269999908,4.));
#989 = CARTESIAN_POINT('',(4.792336058042,5.799926079072,4.));
#990 = CARTESIAN_POINT('',(4.90228028897,5.878181253751,4.));
#991 = CARTESIAN_POINT('',(5.023246575472,5.938624681033,4.));
#992 = CARTESIAN_POINT('',(5.151838778017,5.979559406181,4.));
#993 = CARTESIAN_POINT('',(5.284302273454,6.,4.));
#994 = CARTESIAN_POINT('',(5.416666666667,6.,4.));
#995 = PCURVE('',#44,#996);
#996 = DEFINITIONAL_REPRESENTATION('',(#997),#1162);
#997 = B_SPLINE_CURVE_WITH_KNOTS('',7,(#998,#999,#1000,#1001,#1002,#1003
    ,#1004,#1005,#1006,#1007,#1008,#1009,#1010,#1011,#1012,#1013,#1014,
    #1015,#1016,#1017,#1018,#1019,#1020,#1021,#1022,#1023,#1024,#1025,
    #1026,#1027,#1028,#1029,#1030,#1031,#1032,#1033,#1034,#1035,#1036,
    #1037,#1038,#1039,#1040,#1041,#1042,#1043,#1044,#1045,#1046,#1047,
    #1048,#1049,#1050,#1051,#1052,#1053,#1054,#1055,#1056,#1057,#1058,
    #1059,#1060,#1061,#1062,#1063,#1064,#1065,#1066,#1067,#1068,#1069,
    #1070,#1071,#1072,#1073,#1074,#1075,#1076,#1077,#1078,#1079,#1080,
    #1081,#1082,#1083,#1084,#1085,#1086,#1087,#1088,#1089,#1090,#1091,
    #1092,#1093,#1094,#1095,#1096,#1097,#1098,#1099,#1100,#1101,#1102,
    #1103,#1104,#1105,#1106,#1107,#1108,#1109,#1110,#1111,#1112,#1113,
    #1114,#1115,#1116,#1117,#1118,#1119,#1120,#1121,#1122,#1123,#1124,
    #1125,#1126,#1127,#1128,#1129,#1130,#1131,#1132,#1133,#1134,#1135,
    #1136,#1137,#1138,#1139,#1140,#1141,#1142,#1143,#1144,#1145,#1146,
    #1147,#1148,#1149,#1150,#1151,#1152,#1153,#1154,#1155,#1156,#1157,
    #1158,#1159,#1160,#1161),.UNSPECIFIED.,.F.,.F.,(8,6,6,6,6,6,6,6,6,6,
    6,6,6,6,6,6,6,6,6,6,6,6,6,6,6,6,6,8),(0.,2.900202225831E-02,
    5.400376585196E-02,8.400585773917E-02,0.124008644558,0.152010597171,
    0.181012619429,0.209014572042,0.2300160368,0.251017501558,
    0.279019454171,0.310021615669,0.336023428948,0.365025451206,
    0.388027055399,0.417029077657,0.438030542415,0.456031797976,
    0.485033820235,0.513035772847,0.542037795106,0.565039399298,
    0.594041421556,0.623043443815,0.645044978293,0.673046930906,
    0.705049161995,1.),.UNSPECIFIED.);
#998 = CARTESIAN_POINT('',(5.416666666667,4.));
#999 = CARTESIAN_POINT('',(5.403651497413,4.));
#1000 = CARTESIAN_POINT('',(5.390636326603,4.000197627115));
#1001 = CARTESIAN_POINT('',(5.37762475836,4.000592881261));
#1002 = CARTESIAN_POINT('',(5.364620393069,4.001185680422));
#1003 = CARTESIAN_POINT('',(5.351626827384,4.001975860644));
#1004 = CARTESIAN_POINT('',(5.338647654221,4.002963176042));
#1005 = CARTESIAN_POINT('',(5.314513021732,4.005168094282));
#1006 = CARTESIAN_POINT('',(5.303352942145,4.006335149855));
#1007 = CARTESIAN_POINT('',(5.292208522924,4.007648255451));
#1008 = CARTESIAN_POINT('',(5.281082057097,4.009107156095));
#1009 = CARTESIAN_POINT('',(5.269975831807,4.010711551898));
#1010 = CARTESIAN_POINT('',(5.258892128305,4.012461098056));
#1011 = CARTESIAN_POINT('',(5.234562534521,4.016628572973));
#1012 = CARTESIAN_POINT('',(5.221327552121,4.019110196926));
#1013 = CARTESIAN_POINT('',(5.208132207663,4.021799602929));
#1014 = CARTESIAN_POINT('',(5.194980413856,4.024696025469));
#1015 = CARTESIAN_POINT('',(5.181876063205,4.027798607297));
#1016 = CARTESIAN_POINT('',(5.168823028012,4.031106399435));
#1017 = CARTESIAN_POINT('',(5.138494671221,4.039300976533));
#1018 = CARTESIAN_POINT('',(5.12126224711,4.044346563112));
#1019 = CARTESIAN_POINT('',(5.104137025292,4.04975265147));
#1020 = CARTESIAN_POINT('',(5.087128047736,4.055516491007));
#1021 = CARTESIAN_POINT('',(5.070244261132,4.061635049954));
#1022 = CARTESIAN_POINT('',(5.053494516892,4.068105015375));
#1023 = CARTESIAN_POINT('',(5.025262708358,4.079695237932));
#1024 = CARTESIAN_POINT('',(5.013707812071,4.084638112615));
#1025 = CARTESIAN_POINT('',(5.002225883024,4.089750185225));
#1026 = CARTESIAN_POINT('',(4.990819892015,4.095030159086));
#1027 = CARTESIAN_POINT('',(4.979492779898,4.100476672842));
#1028 = CARTESIAN_POINT('',(4.968247457585,4.106088300451));
#1029 = CARTESIAN_POINT('',(4.945527559843,4.117845060858));
#1030 = CARTESIAN_POINT('',(4.934059137702,4.124002091089));
#1031 = CARTESIAN_POINT('',(4.922684740534,4.130332985422));
#1032 = CARTESIAN_POINT('',(4.911407528281,4.136836016351));
#1033 = CARTESIAN_POINT('',(4.900230619913,4.143509385315));
#1034 = CARTESIAN_POINT('',(4.889157093424,4.150351222699));
#1035 = CARTESIAN_POINT('',(4.867601054346,4.164126285237));
#1036 = CARTESIAN_POINT('',(4.857111326735,4.17104822521));
#1037 = CARTESIAN_POINT('',(4.846723536329,4.17812366099));
#1038 = CARTESIAN_POINT('',(4.836440375462,4.185350787492));
#1039 = CARTESIAN_POINT('',(4.826264495487,4.192727741317));
#1040 = CARTESIAN_POINT('',(4.816198506768,4.200252600747));
#1041 = CARTESIAN_POINT('',(4.798779832517,4.213676474584));
#1042 = CARTESIAN_POINT('',(4.791377944623,4.219511647181));
#1043 = CARTESIAN_POINT('',(4.784040398553,4.225428068476));
#1044 = CARTESIAN_POINT('',(4.77676826351,4.231424886007));
#1045 = CARTESIAN_POINT('',(4.769562594349,4.237501229908));
#1046 = CARTESIAN_POINT('',(4.762424431574,4.243656212917));
#1047 = CARTESIAN_POINT('',(4.748285171112,4.256121647822));
#1048 = CARTESIAN_POINT('',(4.741284072961,4.262432100128));
#1049 = CARTESIAN_POINT('',(4.73435253303,4.268819382607));
#1050 = CARTESIAN_POINT('',(4.727491561997,4.275282574161));
#1051 = CARTESIAN_POINT('',(4.720702155075,4.281820737276));
#1052 = CARTESIAN_POINT('',(4.713985292013,4.288432918023));
#1053 = CARTESIAN_POINT('',(4.698484130662,4.30403178331));
#1054 = CARTESIAN_POINT('',(4.689757004081,4.313075283737));
#1055 = CARTESIAN_POINT('',(4.681162843799,4.322246346383));
#1056 = CARTESIAN_POINT('',(4.672703883545,4.33154262232));
#1057 = CARTESIAN_POINT('',(4.664382304329,4.340961714652));
#1058 = CARTESIAN_POINT('',(4.65620023444,4.350501178508));
#1059 = CARTESIAN_POINT('',(4.639257784014,4.37085057875));
#1060 = CARTESIAN_POINT('',(4.630529366035,4.381687130964));
#1061 = CARTESIAN_POINT('',(4.621977312609,4.392664793911));
#1062 = CARTESIAN_POINT('',(4.613604355289,4.403780119374));
#1063 = CARTESIAN_POINT('',(4.605413140089,4.415029594701));
#1064 = CARTESIAN_POINT('',(4.597406227481,4.426409642802));
#1065 = CARTESIAN_POINT('',(4.583027269311,4.447567637236));
#1066 = CARTESIAN_POINT('',(4.576599830493,4.457307942066));
#1067 = CARTESIAN_POINT('',(4.570305235565,4.467135388785));
#1068 = CARTESIAN_POINT('',(4.564144899147,4.477047801567));
#1069 = CARTESIAN_POINT('',(4.558120190847,4.487042976614));
#1070 = CARTESIAN_POINT('',(4.552232435267,4.497118682156));
#1071 = CARTESIAN_POINT('',(4.540069982251,4.518598247301));
#1072 = CARTESIAN_POINT('',(4.533829023643,4.530021213786));
#1073 = CARTESIAN_POINT('',(4.52776181195,4.541538421619));
#1074 = CARTESIAN_POINT('',(4.521870049811,4.553146697389));
#1075 = CARTESIAN_POINT('',(4.516155366727,4.564842830564));
#1076 = CARTESIAN_POINT('',(4.510619319059,4.576623573491));
#1077 = CARTESIAN_POINT('',(4.501015584189,4.597893488489));
#1078 = CARTESIAN_POINT('',(4.496881074712,4.607352491389));
#1079 = CARTESIAN_POINT('',(4.492860601245,4.61686101191));
#1080 = CARTESIAN_POINT('',(4.488954873394,4.626417399592));
#1081 = CARTESIAN_POINT('',(4.485164570727,4.636019991695));
#1082 = CARTESIAN_POINT('',(4.48149034277,4.645667113204));
#1083 = CARTESIAN_POINT('',(4.473447223036,4.667574856867));
#1084 = CARTESIAN_POINT('',(4.469147155786,4.679860749156));
#1085 = CARTESIAN_POINT('',(4.465033849321,4.692211370352));
#1086 = CARTESIAN_POINT('',(4.461108467496,4.704623312383));
#1087 = CARTESIAN_POINT('',(4.457372095964,4.717093142445));
#1088 = CARTESIAN_POINT('',(4.453825742177,4.729617403002));
#1089 = CARTESIAN_POINT('',(4.44804055801,4.751298797615));
#1090 = CARTESIAN_POINT('',(4.445710908304,4.760431700542));
#1091 = CARTESIAN_POINT('',(4.443481738935,4.769589998812));
#1092 = CARTESIAN_POINT('',(4.4413533806,4.778772365575));
#1093 = CARTESIAN_POINT('',(4.439326142027,4.78797746889));
#1094 = CARTESIAN_POINT('',(4.437400309972,4.797203971724));
#1095 = CARTESIAN_POINT('',(4.434012582862,4.814376155023));
#1096 = CARTESIAN_POINT('',(4.432523713714,4.822316514505));
#1097 = CARTESIAN_POINT('',(4.431109708492,4.830270765305));
#1098 = CARTESIAN_POINT('',(4.429770721905,4.838238060318));
#1099 = CARTESIAN_POINT('',(4.428506896657,4.846217550421));
#1100 = CARTESIAN_POINT('',(4.427318363447,4.854208384473));
#1101 = CARTESIAN_POINT('',(4.424411877015,4.87510073241));
#1102 = CARTESIAN_POINT('',(4.42281425488,4.888018988143));
#1103 = CARTESIAN_POINT('',(4.421412871095,4.90096090676));
#1104 = CARTESIAN_POINT('',(4.420208140523,4.913922910915));
#1105 = CARTESIAN_POINT('',(4.41920039636,4.926901415671));
#1106 = CARTESIAN_POINT('',(4.418389890134,4.939892828502));
#1107 = CARTESIAN_POINT('',(4.417184834599,4.965445969401));
#1108 = CARTESIAN_POINT('',(4.416776905555,4.978007069362));
#1109 = CARTESIAN_POINT('',(4.41655315731,4.990573608971));
#1110 = CARTESIAN_POINT('',(4.416513671323,5.003142347799));
#1111 = CARTESIAN_POINT('',(4.416658457774,5.015710045197));
#1112 = CARTESIAN_POINT('',(4.416987455566,5.02827346029));
#1113 = CARTESIAN_POINT('',(4.418031933251,5.053833668329));
#1114 = CARTESIAN_POINT('',(4.418760796561,5.066829917248));
#1115 = CARTESIAN_POINT('',(4.419686975018,5.079814497621));
#1116 = CARTESIAN_POINT('',(4.420810239671,5.092783815413));
#1117 = CARTESIAN_POINT('',(4.422130279857,5.105734283663));
#1118 = CARTESIAN_POINT('',(4.423646703196,5.118662322491));
#1119 = CARTESIAN_POINT('',(4.426717092349,5.141797008958));
#1120 = CARTESIAN_POINT('',(4.428198378643,5.152013304539));
#1121 = CARTESIAN_POINT('',(4.429802657981,5.16221146404));
#1122 = CARTESIAN_POINT('',(4.431529661873,5.172389711096));
#1123 = CARTESIAN_POINT('',(4.433379089833,5.182546274768));
#1124 = CARTESIAN_POINT('',(4.435350609382,5.192679389548));
#1125 = CARTESIAN_POINT('',(4.440083167016,5.215532045974));
#1126 = CARTESIAN_POINT('',(4.442915999282,5.228236721847));
#1127 = CARTESIAN_POINT('',(4.445941621891,5.240897793754));
#1128 = CARTESIAN_POINT('',(4.449159224416,5.253511752745));
#1129 = CARTESIAN_POINT('',(4.452567916957,5.266075110145));
#1130 = CARTESIAN_POINT('',(4.456166730138,5.27858439755));
#1131 = CARTESIAN_POINT('',(4.463742500078,5.303487936106));
#1132 = CARTESIAN_POINT('',(4.467719457743,5.315882190235));
#1133 = CARTESIAN_POINT('',(4.471884439095,5.328215481132));
#1134 = CARTESIAN_POINT('',(4.476236317822,5.340484388133));
#1135 = CARTESIAN_POINT('',(4.480773890314,5.352685517994));
#1136 = CARTESIAN_POINT('',(4.48549587566,5.364815504889));
#1137 = CARTESIAN_POINT('',(4.494121980525,5.386016566473));
#1138 = CARTESIAN_POINT('',(4.4979483948,5.395119259302));
#1139 = CARTESIAN_POINT('',(4.50187956566,5.404177631939));
#1140 = CARTESIAN_POINT('',(4.505914875497,5.413190238522));
#1141 = CARTESIAN_POINT('',(4.510053681912,5.422155644291));
#1142 = CARTESIAN_POINT('',(4.514295317711,5.431072425588));
#1143 = CARTESIAN_POINT('',(4.524167529447,5.45122411696));
#1144 = CARTESIAN_POINT('',(4.529861414558,5.46242801408));
#1145 = CARTESIAN_POINT('',(4.535719319104,5.473547948223));
#1146 = CARTESIAN_POINT('',(4.541739753379,5.484581040538));
#1147 = CARTESIAN_POINT('',(4.547921165109,5.495524446316));
#1148 = CARTESIAN_POINT('',(4.554261939452,5.506375354991));
#1149 = CARTESIAN_POINT('',(4.568187209793,5.529423144412));
#1150 = CARTESIAN_POINT('',(4.575819978992,5.541590863417));
#1151 = CARTESIAN_POINT('',(4.583656201868,5.553630001861));
#1152 = CARTESIAN_POINT('',(4.591693272912,5.565536482486));
#1153 = CARTESIAN_POINT('',(4.59992848583,5.577306296063));
#1154 = CARTESIAN_POINT('',(4.608359033541,5.588935501398));
#1155 = CARTESIAN_POINT('',(4.696456266977,5.706269999908));
#1156 = CARTESIAN_POINT('',(4.792336058042,5.799926079072));
#1157 = CARTESIAN_POINT('',(4.90228028897,5.878181253751));
#1158 = CARTESIAN_POINT('',(5.023246575472,5.938624681033));
#1159 = CARTESIAN_POINT('',(5.151838778017,5.979559406181));
#1160 = CARTESIAN_POINT('',(5.284302273454,6.));
#1161 = CARTESIAN_POINT('',(5.416666666667,6.));
#1162 = ( GEOMETRIC_REPRESENTATION_CONTEXT(2) 
PARAMETRIC_REPRESENTATION_CONTEXT() REPRESENTATION_CONTEXT('2D SPACE',''
  ) );
#1163 = PCURVE('',#1164,#1172);
#1164 = SURFACE_OF_LINEAR_EXTRUSION('',#1165,#1170);
#1165 = CIRCLE('',#1166,1.);
#1166 = AXIS2_PLACEMENT_3D('',#1167,#1168,#1169);
#1167 = CARTESIAN_POINT('',(5.,5.,-1.));
#1168 = DIRECTION('',(0.,-0.,1.));
#1169 = DIRECTION('',(0.,1.,0.));
#1170 = VECTOR('',#1171,1.);
#1171 = DIRECTION('',(-8.304547985374E-02,-0.,-0.996545758245));
#1172 = DEFINITIONAL_REPRESENTATION('',(#1173),#1338);
#1173 = B_SPLINE_CURVE_WITH_KNOTS('',7,(#1174,#1175,#1176,#1177,#1178,
    #1179,#1180,#1181,#1182,#1183,#1184,#1185,#1186,#1187,#1188,#1189,
    #1190,#1191,#1192,#1193,#1194,#1195,#1196,#1197,#1198,#1199,#1200,
    #1201,#1202,#1203,#1204,#1205,#1206,#1207,#1208,#1209,#1210,#1211,
    #1212,#1213,#1214,#1215,#1216,#1217,#1218,#1219,#1220,#1221,#1222,
    #1223,#1224,#1225,#1226,#1227,#1228,#1229,#1230,#1231,#1232,#1233,
    #1234,#1235,#1236,#1237,#1238,#1239,#1240,#1241,#1242,#1243,#1244,
    #1245,#1246,#1247,#1248,#1249,#1250,#1251,#1252,#1253,#1254,#1255,
    #1256,#1257,#1258,#1259,#1260,#1261,#1262,#1263,#1264,#1265,#1266,
    #1267,#1268,#1269,#1270,#1271,#1272,#1273,#1274,#1275,#1276,#1277,
    #1278,#1279,#1280,#1281,#1282,#1283,#1284,#1285,#1286,#1287,#1288,
    #1289,#1290,#1291,#1292,#1293,#1294,#1295,#1296,#1297,#1298,#1299,
    #1300,#1301,#1302,#1303,#1304,#1305,#1306,#1307,#1308,#1309,#1310,
    #1311,#1312,#1313,#1314,#1315,#1316,#1317,#1318,#1319,#1320,#1321,
    #1322,#1323,#1324,#1325,#1326,#1327,#1328,#1329,#1330,#1331,#1332,
    #1333,#1334,#1335,#1336,#1337),.UNSPECIFIED.,.F.,.F.,(8,6,6,6,6,6,6,
    6,6,6,6,6,6,6,6,6,6,6,6,6,6,6,6,6,6,6,6,8),(0.,2.900202225831E-02,
    5.400376585196E-02,8.400585773917E-02,0.124008644558,0.152010597171,
    0.181012619429,0.209014572042,0.2300160368,0.251017501558,
    0.279019454171,0.310021615669,0.336023428948,0.365025451206,
    0.388027055399,0.417029077657,0.438030542415,0.456031797976,
    0.485033820235,0.513035772847,0.542037795106,0.565039399298,
    0.594041421556,0.623043443815,0.645044978293,0.673046930906,
    0.705049161995,1.),.UNSPECIFIED.);
#1174 = CARTESIAN_POINT('',(3.14159265359,-5.017331074497));
#1175 = CARTESIAN_POINT('',(3.128577484336,-5.017331074497));
#1176 = CARTESIAN_POINT('',(3.115562314771,-5.017331074497));
#1177 = CARTESIAN_POINT('',(3.10254714502,-5.017331074497));
#1178 = CARTESIAN_POINT('',(3.089531975206,-5.017331074497));
#1179 = CARTESIAN_POINT('',(3.076516805454,-5.017331074497));
#1180 = CARTESIAN_POINT('',(3.063501635889,-5.017331074497));
#1181 = CARTESIAN_POINT('',(3.039266493021,-5.017331074497));
#1182 = CARTESIAN_POINT('',(3.028046519258,-5.017331074497));
#1183 = CARTESIAN_POINT('',(3.016826545407,-5.017331074497));
#1184 = CARTESIAN_POINT('',(3.005606571525,-5.017331074497));
#1185 = CARTESIAN_POINT('',(2.994386597673,-5.017331074497));
#1186 = CARTESIAN_POINT('',(2.983166623911,-5.017331074497));
#1187 = CARTESIAN_POINT('',(2.958482682149,-5.017331074497));
#1188 = CARTESIAN_POINT('',(2.945018713634,-5.017331074497));
#1189 = CARTESIAN_POINT('',(2.931554744897,-5.017331074497));
#1190 = CARTESIAN_POINT('',(2.918090776087,-5.017331074497));
#1191 = CARTESIAN_POINT('',(2.90462680735,-5.017331074497));
#1192 = CARTESIAN_POINT('',(2.891162838835,-5.017331074497));
#1193 = CARTESIAN_POINT('',(2.85974691422,-5.017331074497));
#1194 = CARTESIAN_POINT('',(2.8417949562,-5.017331074497));
#1195 = CARTESIAN_POINT('',(2.823842997248,-5.017331074497));
#1196 = CARTESIAN_POINT('',(2.805891037985,-5.017331074497));
#1197 = CARTESIAN_POINT('',(2.787939079033,-5.017331074497));
#1198 = CARTESIAN_POINT('',(2.769987121013,-5.017331074497));
#1199 = CARTESIAN_POINT('',(2.739468794191,-5.017331074497));
#1200 = CARTESIAN_POINT('',(2.726902423577,-5.017331074497));
#1201 = CARTESIAN_POINT('',(2.714336052806,-5.017331074497));
#1202 = CARTESIAN_POINT('',(2.701769681983,-5.017331074497));
#1203 = CARTESIAN_POINT('',(2.689203311212,-5.017331074497));
#1204 = CARTESIAN_POINT('',(2.676636940597,-5.017331074497));
#1205 = CARTESIAN_POINT('',(2.65105540099,-5.017331074497));
#1206 = CARTESIAN_POINT('',(2.638040231426,-5.017331074497));
#1207 = CARTESIAN_POINT('',(2.625025061674,-5.017331074497));
#1208 = CARTESIAN_POINT('',(2.61200989186,-5.017331074497));
#1209 = CARTESIAN_POINT('',(2.598994722109,-5.017331074497));
#1210 = CARTESIAN_POINT('',(2.585979552544,-5.017331074497));
#1211 = CARTESIAN_POINT('',(2.560398012937,-5.017331074497));
#1212 = CARTESIAN_POINT('',(2.547831642322,-5.017331074497));
#1213 = CARTESIAN_POINT('',(2.535265271551,-5.017331074497));
#1214 = CARTESIAN_POINT('',(2.522698900728,-5.017331074497));
#1215 = CARTESIAN_POINT('',(2.510132529957,-5.017331074497));
#1216 = CARTESIAN_POINT('',(2.497566159343,-5.017331074497));
#1217 = CARTESIAN_POINT('',(2.475575011091,-5.017331074497));
#1218 = CARTESIAN_POINT('',(2.46615023313,-5.017331074497));
#1219 = CARTESIAN_POINT('',(2.456725455132,-5.017331074497));
#1220 = CARTESIAN_POINT('',(2.447300677122,-5.017331074497));
#1221 = CARTESIAN_POINT('',(2.437875899124,-5.017331074497));
#1222 = CARTESIAN_POINT('',(2.428451121163,-5.017331074497));
#1223 = CARTESIAN_POINT('',(2.409601565365,-5.017331074497));
#1224 = CARTESIAN_POINT('',(2.400176787405,-5.017331074497));
#1225 = CARTESIAN_POINT('',(2.390752009407,-5.017331074497));
#1226 = CARTESIAN_POINT('',(2.381327231396,-5.017331074497));
#1227 = CARTESIAN_POINT('',(2.371902453398,-5.017331074497));
#1228 = CARTESIAN_POINT('',(2.362477675438,-5.017331074497));
#1229 = CARTESIAN_POINT('',(2.340486527186,-5.017331074497));
#1230 = CARTESIAN_POINT('',(2.327920156571,-5.017331074497));
#1231 = CARTESIAN_POINT('',(2.3153537858,-5.017331074497));
#1232 = CARTESIAN_POINT('',(2.302787414977,-5.017331074497));
#1233 = CARTESIAN_POINT('',(2.290221044206,-5.017331074497));
#1234 = CARTESIAN_POINT('',(2.277654673592,-5.017331074497));
#1235 = CARTESIAN_POINT('',(2.251175536207,-5.017331074497));
#1236 = CARTESIAN_POINT('',(2.237262768741,-5.017331074497));
#1237 = CARTESIAN_POINT('',(2.223350001014,-5.017331074497));
#1238 = CARTESIAN_POINT('',(2.209437233201,-5.017331074497));
#1239 = CARTESIAN_POINT('',(2.195524465475,-5.017331074497));
#1240 = CARTESIAN_POINT('',(2.181611698009,-5.017331074497));
#1241 = CARTESIAN_POINT('',(2.156030158444,-5.017331074497));
#1242 = CARTESIAN_POINT('',(2.144361385731,-5.017331074497));
#1243 = CARTESIAN_POINT('',(2.132692612909,-5.017331074497));
#1244 = CARTESIAN_POINT('',(2.121023840052,-5.017331074497));
#1245 = CARTESIAN_POINT('',(2.10935506723,-5.017331074497));
#1246 = CARTESIAN_POINT('',(2.097686294517,-5.017331074497));
#1247 = CARTESIAN_POINT('',(2.07300235273,-5.017331074497));
#1248 = CARTESIAN_POINT('',(2.059987183165,-5.017331074497));
#1249 = CARTESIAN_POINT('',(2.046972013414,-5.017331074497));
#1250 = CARTESIAN_POINT('',(2.0339568436,-5.017331074497));
#1251 = CARTESIAN_POINT('',(2.020941673848,-5.017331074497));
#1252 = CARTESIAN_POINT('',(2.007926504283,-5.017331074497));
#1253 = CARTESIAN_POINT('',(1.984588959265,-5.017331074497));
#1254 = CARTESIAN_POINT('',(1.974266583404,-5.017331074497));
#1255 = CARTESIAN_POINT('',(1.963944207483,-5.017331074497));
#1256 = CARTESIAN_POINT('',(1.953621831543,-5.017331074497));
#1257 = CARTESIAN_POINT('',(1.943299455623,-5.017331074497));
#1258 = CARTESIAN_POINT('',(1.932977079761,-5.017331074497));
#1259 = CARTESIAN_POINT('',(1.909639534743,-5.017331074497));
#1260 = CARTESIAN_POINT('',(1.896624365178,-5.017331074497));
#1261 = CARTESIAN_POINT('',(1.883609195427,-5.017331074497));
#1262 = CARTESIAN_POINT('',(1.870594025613,-5.017331074497));
#1263 = CARTESIAN_POINT('',(1.857578855862,-5.017331074497));
#1264 = CARTESIAN_POINT('',(1.844563686297,-5.017331074497));
#1265 = CARTESIAN_POINT('',(1.822123739144,-5.017331074497));
#1266 = CARTESIAN_POINT('',(1.812698961183,-5.017331074497));
#1267 = CARTESIAN_POINT('',(1.803274183185,-5.017331074497));
#1268 = CARTESIAN_POINT('',(1.793849405175,-5.017331074497));
#1269 = CARTESIAN_POINT('',(1.784424627177,-5.017331074497));
#1270 = CARTESIAN_POINT('',(1.774999849216,-5.017331074497));
#1271 = CARTESIAN_POINT('',(1.757496690237,-5.017331074497));
#1272 = CARTESIAN_POINT('',(1.749418309128,-5.017331074497));
#1273 = CARTESIAN_POINT('',(1.741339928001,-5.017331074497));
#1274 = CARTESIAN_POINT('',(1.733261546869,-5.017331074497));
#1275 = CARTESIAN_POINT('',(1.725183165743,-5.017331074497));
#1276 = CARTESIAN_POINT('',(1.717104784633,-5.017331074497));
#1277 = CARTESIAN_POINT('',(1.696011234299,-5.017331074497));
#1278 = CARTESIAN_POINT('',(1.682996064734,-5.017331074497));
#1279 = CARTESIAN_POINT('',(1.669980894983,-5.017331074497));
#1280 = CARTESIAN_POINT('',(1.656965725169,-5.017331074497));
#1281 = CARTESIAN_POINT('',(1.643950555417,-5.017331074497));
#1282 = CARTESIAN_POINT('',(1.630935385853,-5.017331074497));
#1283 = CARTESIAN_POINT('',(1.605353846246,-5.017331074497));
#1284 = CARTESIAN_POINT('',(1.592787475631,-5.017331074497));
#1285 = CARTESIAN_POINT('',(1.58022110486,-5.017331074497));
#1286 = CARTESIAN_POINT('',(1.567654734037,-5.017331074497));
#1287 = CARTESIAN_POINT('',(1.555088363266,-5.017331074497));
#1288 = CARTESIAN_POINT('',(1.542521992652,-5.017331074497));
#1289 = CARTESIAN_POINT('',(1.516940453045,-5.017331074497));
#1290 = CARTESIAN_POINT('',(1.50392528348,-5.017331074497));
#1291 = CARTESIAN_POINT('',(1.490910113728,-5.017331074497));
#1292 = CARTESIAN_POINT('',(1.477894943914,-5.017331074497));
#1293 = CARTESIAN_POINT('',(1.464879774163,-5.017331074497));
#1294 = CARTESIAN_POINT('',(1.451864604598,-5.017331074497));
#1295 = CARTESIAN_POINT('',(1.42852705958,-5.017331074497));
#1296 = CARTESIAN_POINT('',(1.418204683718,-5.017331074497));
#1297 = CARTESIAN_POINT('',(1.407882307798,-5.017331074497));
#1298 = CARTESIAN_POINT('',(1.397559931858,-5.017331074497));
#1299 = CARTESIAN_POINT('',(1.387237555938,-5.017331074497));
#1300 = CARTESIAN_POINT('',(1.376915180076,-5.017331074497));
#1301 = CARTESIAN_POINT('',(1.353577635058,-5.017331074497));
#1302 = CARTESIAN_POINT('',(1.340562465493,-5.017331074497));
#1303 = CARTESIAN_POINT('',(1.327547295741,-5.017331074497));
#1304 = CARTESIAN_POINT('',(1.314532125928,-5.017331074497));
#1305 = CARTESIAN_POINT('',(1.301516956176,-5.017331074497));
#1306 = CARTESIAN_POINT('',(1.288501786611,-5.017331074497));
#1307 = CARTESIAN_POINT('',(1.262471448104,-5.017331074497));
#1308 = CARTESIAN_POINT('',(1.249456278539,-5.017331074497));
#1309 = CARTESIAN_POINT('',(1.236441108787,-5.017331074497));
#1310 = CARTESIAN_POINT('',(1.223425938974,-5.017331074497));
#1311 = CARTESIAN_POINT('',(1.210410769222,-5.017331074497));
#1312 = CARTESIAN_POINT('',(1.197395599657,-5.017331074497));
#1313 = CARTESIAN_POINT('',(1.17450685357,-5.017331074497));
#1314 = CARTESIAN_POINT('',(1.164633276659,-5.017331074497));
#1315 = CARTESIAN_POINT('',(1.154759699701,-5.017331074497));
#1316 = CARTESIAN_POINT('',(1.144886122727,-5.017331074497));
#1317 = CARTESIAN_POINT('',(1.135012545769,-5.017331074497));
#1318 = CARTESIAN_POINT('',(1.125138968858,-5.017331074497));
#1319 = CARTESIAN_POINT('',(1.102699021671,-5.017331074497));
#1320 = CARTESIAN_POINT('',(1.090132651057,-5.017331074497));
#1321 = CARTESIAN_POINT('',(1.077566280286,-5.017331074497));
#1322 = CARTESIAN_POINT('',(1.064999909463,-5.017331074497));
#1323 = CARTESIAN_POINT('',(1.052433538692,-5.017331074497));
#1324 = CARTESIAN_POINT('',(1.039867168077,-5.017331074497));
#1325 = CARTESIAN_POINT('',(1.012939231816,-5.017331074497));
#1326 = CARTESIAN_POINT('',(0.9985776654,-5.017331074497));
#1327 = CARTESIAN_POINT('',(0.984216098678,-5.017331074497));
#1328 = CARTESIAN_POINT('',(0.969854531855,-5.017331074497));
#1329 = CARTESIAN_POINT('',(0.955492965133,-5.017331074497));
#1330 = CARTESIAN_POINT('',(0.941131398717,-5.017331074497));
#1331 = CARTESIAN_POINT('',(0.794405439597,-5.017331074497));
#1332 = CARTESIAN_POINT('',(0.661941941519,-5.017331074497));
#1333 = CARTESIAN_POINT('',(0.529561748917,-5.017331074497));
#1334 = CARTESIAN_POINT('',(0.397208083892,-5.017331074497));
#1335 = CARTESIAN_POINT('',(0.26482789129,-5.017331074497));
#1336 = CARTESIAN_POINT('',(0.132364393212,-5.017331074497));
#1337 = CARTESIAN_POINT('',(0.,-5.017331074497));
#1338 = ( GEOMETRIC_REPRESENTATION_CONTEXT(2) 
PARAMETRIC_REPRESENTATION_CONTEXT() REPRESENTATION_CONTEXT('2D SPACE',''
  ) );
#1339 = ORIENTED_EDGE('',*,*,#1340,.T.);
#1340 = EDGE_CURVE('',#827,#267,#1341,.T.);
#1341 = SURFACE_CURVE('',#1342,(#1346,#1352),.PCURVE_S1.);
#1342 = LINE('',#1343,#1344);
#1343 = CARTESIAN_POINT('',(4.5,6.,4.));
#1344 = VECTOR('',#1345,1.);
#1345 = DIRECTION('',(1.,0.,-0.));
#1346 = PCURVE('',#44,#1347);
#1347 = DEFINITIONAL_REPRESENTATION('',(#1348),#1351);
#1348 = B_SPLINE_CURVE_WITH_KNOTS('',1,(#1349,#1350),.UNSPECIFIED.,.F.,
  .F.,(2,2),(0.5,5.),.PIECEWISE_BEZIER_KNOTS.);
#1349 = CARTESIAN_POINT('',(5.,6.));
#1350 = CARTESIAN_POINT('',(9.5,6.));
#1351 = ( GEOMETRIC_REPRESENTATION_CONTEXT(2) 
PARAMETRIC_REPRESENTATION_CONTEXT() REPRESENTATION_CONTEXT('2D SPACE',''
  ) );
#1352 = PCURVE('',#1353,#1358);
#1353 = PLANE('',#1354);
#1354 = AXIS2_PLACEMENT_3D('',#1355,#1356,#1357);
#1355 = CARTESIAN_POINT('',(9.,6.,-1.));
#1356 = DIRECTION('',(0.,-1.,0.));
#1357 = DIRECTION('',(-1.,0.,0.));
#1358 = DEFINITIONAL_REPRESENTATION('',(#1359),#1362);
#1359 = B_SPLINE_CURVE_WITH_KNOTS('',1,(#1360,#1361),.UNSPECIFIED.,.F.,
  .F.,(2,2),(0.5,5.),.PIECEWISE_BEZIER_KNOTS.);
#1360 = CARTESIAN_POINT('',(4.,-5.));
#1361 = CARTESIAN_POINT('',(-0.5,-5.));
#1362 = ( GEOMETRIC_REPRESENTATION_CONTEXT(2) 
PARAMETRIC_REPRESENTATION_CONTEXT() REPRESENTATION_CONTEXT('2D SPACE',''
  ) );
#1363 = ADVANCED_FACE('',(#1364),#124,.T.);
#1364 = FACE_BOUND('',#1365,.T.);
#1365 = EDGE_LOOP('',(#1366,#1389,#1390,#1391));
#1366 = ORIENTED_EDGE('',*,*,#1367,.F.);
#1367 = EDGE_CURVE('',#83,#1368,#1370,.T.);
#1368 = VERTEX_POINT('',#1369);
#1369 = CARTESIAN_POINT('',(14.,10.,0.));
#1370 = SURFACE_CURVE('',#1371,(#1375,#1382),.PCURVE_S1.);
#1371 = LINE('',#1372,#1373);
#1372 = CARTESIAN_POINT('',(0.,10.,0.));
#1373 = VECTOR('',#1374,1.);
#1374 = DIRECTION('',(1.,0.,-0.));
#1375 = PCURVE('',#124,#1376);
#1376 = DEFINITIONAL_REPRESENTATION('',(#1377),#1381);
#1377 = LINE('',#1378,#1379);
#1378 = CARTESIAN_POINT('',(0.,0.));
#1379 = VECTOR('',#1380,1.);
#1380 = DIRECTION('',(0.,1.));
#1381 = ( GEOMETRIC_REPRESENTATION_CONTEXT(2) 
PARAMETRIC_REPRESENTATION_CONTEXT() REPRESENTATION_CONTEXT('2D SPACE',''
  ) );
#1382 = PCURVE('',#98,#1383);
#1383 = DEFINITIONAL_REPRESENTATION('',(#1384),#1388);
#1384 = LINE('',#1385,#1386);
#1385 = CARTESIAN_POINT('',(0.,10.));
#1386 = VECTOR('',#1387,1.);
#1387 = DIRECTION('',(1.,0.));
#1388 = ( GEOMETRIC_REPRESENTATION_CONTEXT(2) 
PARAMETRIC_REPRESENTATION_CONTEXT() REPRESENTATION_CONTEXT('2D SPACE',''
  ) );
#1389 = ORIENTED_EDGE('',*,*,#110,.T.);
#1390 = ORIENTED_EDGE('',*,*,#243,.T.);
#1391 = ORIENTED_EDGE('',*,*,#1392,.F.);
#1392 = EDGE_CURVE('',#1368,#216,#1393,.T.);
#1393 = SURFACE_CURVE('',#1394,(#1398,#1405),.PCURVE_S1.);
#1394 = LINE('',#1395,#1396);
#1395 = CARTESIAN_POINT('',(14.,10.,0.));
#1396 = VECTOR('',#1397,1.);
#1397 = DIRECTION('',(0.,0.,1.));
#1398 = PCURVE('',#124,#1399);
#1399 = DEFINITIONAL_REPRESENTATION('',(#1400),#1404);
#1400 = LINE('',#1401,#1402);
#1401 = CARTESIAN_POINT('',(0.,14.));
#1402 = VECTOR('',#1403,1.);
#1403 = DIRECTION('',(1.,0.));
#1404 = ( GEOMETRIC_REPRESENTATION_CONTEXT(2) 
PARAMETRIC_REPRESENTATION_CONTEXT() REPRESENTATION_CONTEXT('2D SPACE',''
  ) );
#1405 = PCURVE('',#231,#1406);
#1406 = DEFINITIONAL_REPRESENTATION('',(#1407),#1411);
#1407 = LINE('',#1408,#1409);
#1408 = CARTESIAN_POINT('',(0.,-10.));
#1409 = VECTOR('',#1410,1.);
#1410 = DIRECTION('',(1.,0.));
#1411 = ( GEOMETRIC_REPRESENTATION_CONTEXT(2) 
PARAMETRIC_REPRESENTATION_CONTEXT() REPRESENTATION_CONTEXT('2D SPACE',''
  ) );
#1412 = ADVANCED_FACE('',(#1413,#1503),#98,.F.);
#1413 = FACE_BOUND('',#1414,.F.);
#1414 = EDGE_LOOP('',(#1415,#1416,#1437,#1458,#1481,#1502));
#1415 = ORIENTED_EDGE('',*,*,#82,.F.);
#1416 = ORIENTED_EDGE('',*,*,#1417,.F.);
#1417 = EDGE_CURVE('',#1418,#57,#1420,.T.);
#1418 = VERTEX_POINT('',#1419);
#1419 = CARTESIAN_POINT('',(2.,2.,0.));
#1420 = SURFACE_CURVE('',#1421,(#1425,#1431),.PCURVE_S1.);
#1421 = LINE('',#1422,#1423);
#1422 = CARTESIAN_POINT('',(-0.5,2.,0.));
#1423 = VECTOR('',#1424,1.);
#1424 = DIRECTION('',(-1.,-0.,0.));
#1425 = PCURVE('',#98,#1426);
#1426 = DEFINITIONAL_REPRESENTATION('',(#1427),#1430);
#1427 = B_SPLINE_CURVE_WITH_KNOTS('',1,(#1428,#1429),.UNSPECIFIED.,.F.,
  .F.,(2,2),(-2.5,-0.5),.PIECEWISE_BEZIER_KNOTS.);
#1428 = CARTESIAN_POINT('',(2.,2.));
#1429 = CARTESIAN_POINT('',(0.,2.));
#1430 = ( GEOMETRIC_REPRESENTATION_CONTEXT(2) 
PARAMETRIC_REPRESENTATION_CONTEXT() REPRESENTATION_CONTEXT('2D SPACE',''
  ) );
#1431 = PCURVE('',#71,#1432);
#1432 = DEFINITIONAL_REPRESENTATION('',(#1433),#1436);
#1433 = B_SPLINE_CURVE_WITH_KNOTS('',1,(#1434,#1435),.UNSPECIFIED.,.F.,
  .F.,(2,2),(-2.5,-0.5),.PIECEWISE_BEZIER_KNOTS.);
#1434 = CARTESIAN_POINT('',(1.,3.));
#1435 = CARTESIAN_POINT('',(1.,1.));
#1436 = ( GEOMETRIC_REPRESENTATION_CONTEXT(2) 
PARAMETRIC_REPRESENTATION_CONTEXT() REPRESENTATION_CONTEXT('2D SPACE',''
  ) );
#1437 = ORIENTED_EDGE('',*,*,#1438,.F.);
#1438 = EDGE_CURVE('',#1439,#1418,#1441,.T.);
#1439 = VERTEX_POINT('',#1440);
#1440 = CARTESIAN_POINT('',(2.,0.,0.));
#1441 = SURFACE_CURVE('',#1442,(#1446,#1452),.PCURVE_S1.);
#1442 = LINE('',#1443,#1444);
#1443 = CARTESIAN_POINT('',(2.,-0.5,0.));
#1444 = VECTOR('',#1445,1.);
#1445 = DIRECTION('',(-0.,1.,0.));
#1446 = PCURVE('',#98,#1447);
#1447 = DEFINITIONAL_REPRESENTATION('',(#1448),#1451);
#1448 = B_SPLINE_CURVE_WITH_KNOTS('',1,(#1449,#1450),.UNSPECIFIED.,.F.,
  .F.,(2,2),(0.5,2.5),.PIECEWISE_BEZIER_KNOTS.);
#1449 = CARTESIAN_POINT('',(2.,0.));
#1450 = CARTESIAN_POINT('',(2.,2.));
#1451 = ( GEOMETRIC_REPRESENTATION_CONTEXT(2) 
PARAMETRIC_REPRESENTATION_CONTEXT() REPRESENTATION_CONTEXT('2D SPACE',''
  ) );
#1452 = PCURVE('',#176,#1453);
#1453 = DEFINITIONAL_REPRESENTATION('',(#1454),#1457);
#1454 = B_SPLINE_CURVE_WITH_KNOTS('',1,(#1455,#1456),.UNSPECIFIED.,.F.,
  .F.,(2,2),(0.5,2.5),.PIECEWISE_BEZIER_KNOTS.);
#1455 = CARTESIAN_POINT('',(1.,-1.));
#1456 = CARTESIAN_POINT('',(1.,-3.));
#1457 = ( GEOMETRIC_REPRESENTATION_CONTEXT(2) 
PARAMETRIC_REPRESENTATION_CONTEXT() REPRESENTATION_CONTEXT('2D SPACE',''
  ) );
#1458 = ORIENTED_EDGE('',*,*,#1459,.T.);
#1459 = EDGE_CURVE('',#1439,#1460,#1462,.T.);
#1460 = VERTEX_POINT('',#1461);
#1461 = CARTESIAN_POINT('',(14.,0.,0.));
#1462 = SURFACE_CURVE('',#1463,(#1467,#1474),.PCURVE_S1.);
#1463 = LINE('',#1464,#1465);
#1464 = CARTESIAN_POINT('',(0.,0.,0.));
#1465 = VECTOR('',#1466,1.);
#1466 = DIRECTION('',(1.,0.,-0.));
#1467 = PCURVE('',#98,#1468);
#1468 = DEFINITIONAL_REPRESENTATION('',(#1469),#1473);
#1469 = LINE('',#1470,#1471);
#1470 = CARTESIAN_POINT('',(0.,0.));
#1471 = VECTOR('',#1472,1.);
#1472 = DIRECTION('',(1.,0.));
#1473 = ( GEOMETRIC_REPRESENTATION_CONTEXT(2) 
PARAMETRIC_REPRESENTATION_CONTEXT() REPRESENTATION_CONTEXT('2D SPACE',''
  ) );
#1474 = PCURVE('',#203,#1475);
#1475 = DEFINITIONAL_REPRESENTATION('',(#1476),#1480);
#1476 = LINE('',#1477,#1478);
#1477 = CARTESIAN_POINT('',(0.,0.));
#1478 = VECTOR('',#1479,1.);
#1479 = DIRECTION('',(0.,1.));
#1480 = ( GEOMETRIC_REPRESENTATION_CONTEXT(2) 
PARAMETRIC_REPRESENTATION_CONTEXT() REPRESENTATION_CONTEXT('2D SPACE',''
  ) );
#1481 = ORIENTED_EDGE('',*,*,#1482,.T.);
#1482 = EDGE_CURVE('',#1460,#1368,#1483,.T.);
#1483 = SURFACE_CURVE('',#1484,(#1488,#1495),.PCURVE_S1.);
#1484 = LINE('',#1485,#1486);
#1485 = CARTESIAN_POINT('',(14.,0.,0.));
#1486 = VECTOR('',#1487,1.);
#1487 = DIRECTION('',(-0.,1.,0.));
#1488 = PCURVE('',#98,#1489);
#1489 = DEFINITIONAL_REPRESENTATION('',(#1490),#1494);
#1490 = LINE('',#1491,#1492);
#1491 = CARTESIAN_POINT('',(14.,0.));
#1492 = VECTOR('',#1493,1.);
#1493 = DIRECTION('',(0.,1.));
#1494 = ( GEOMETRIC_REPRESENTATION_CONTEXT(2) 
PARAMETRIC_REPRESENTATION_CONTEXT() REPRESENTATION_CONTEXT('2D SPACE',''
  ) );
#1495 = PCURVE('',#231,#1496);
#1496 = DEFINITIONAL_REPRESENTATION('',(#1497),#1501);
#1497 = LINE('',#1498,#1499);
#1498 = CARTESIAN_POINT('',(0.,0.));
#1499 = VECTOR('',#1500,1.);
#1500 = DIRECTION('',(0.,-1.));
#1501 = ( GEOMETRIC_REPRESENTATION_CONTEXT(2) 
PARAMETRIC_REPRESENTATION_CONTEXT() REPRESENTATION_CONTEXT('2D SPACE',''
  ) );
#1502 = ORIENTED_EDGE('',*,*,#1367,.F.);
#1503 = FACE_BOUND('',#1504,.F.);
#1504 = EDGE_LOOP('',(#1505,#2031,#2052,#2558));
#1505 = ORIENTED_EDGE('',*,*,#1506,.T.);
#1506 = EDGE_CURVE('',#1507,#1509,#1511,.T.);
#1507 = VERTEX_POINT('',#1508);
#1508 = CARTESIAN_POINT('',(9.083333333333,6.,0.));
#1509 = VERTEX_POINT('',#1510);
#1510 = CARTESIAN_POINT('',(9.083333333333,4.,0.));
#1511 = SURFACE_CURVE('',#1512,(#1683,#1857),.PCURVE_S1.);
#1512 = B_SPLINE_CURVE_WITH_KNOTS('',7,(#1513,#1514,#1515,#1516,#1517,
    #1518,#1519,#1520,#1521,#1522,#1523,#1524,#1525,#1526,#1527,#1528,
    #1529,#1530,#1531,#1532,#1533,#1534,#1535,#1536,#1537,#1538,#1539,
    #1540,#1541,#1542,#1543,#1544,#1545,#1546,#1547,#1548,#1549,#1550,
    #1551,#1552,#1553,#1554,#1555,#1556,#1557,#1558,#1559,#1560,#1561,
    #1562,#1563,#1564,#1565,#1566,#1567,#1568,#1569,#1570,#1571,#1572,
    #1573,#1574,#1575,#1576,#1577,#1578,#1579,#1580,#1581,#1582,#1583,
    #1584,#1585,#1586,#1587,#1588,#1589,#1590,#1591,#1592,#1593,#1594,
    #1595,#1596,#1597,#1598,#1599,#1600,#1601,#1602,#1603,#1604,#1605,
    #1606,#1607,#1608,#1609,#1610,#1611,#1612,#1613,#1614,#1615,#1616,
    #1617,#1618,#1619,#1620,#1621,#1622,#1623,#1624,#1625,#1626,#1627,
    #1628,#1629,#1630,#1631,#1632,#1633,#1634,#1635,#1636,#1637,#1638,
    #1639,#1640,#1641,#1642,#1643,#1644,#1645,#1646,#1647,#1648,#1649,
    #1650,#1651,#1652,#1653,#1654,#1655,#1656,#1657,#1658,#1659,#1660,
    #1661,#1662,#1663,#1664,#1665,#1666,#1667,#1668,#1669,#1670,#1671,
    #1672,#1673,#1674,#1675,#1676,#1677,#1678,#1679,#1680,#1681,#1682),
  .UNSPECIFIED.,.F.,.F.,(8,6,6,6,6,6,6,6,6,6,6,6,6,6,6,6,6,6,6,6,6,6,6,6
    ,6,6,6,6,8),(0.,2.900176947086E-02,4.800292914987E-02,
    6.90042108548E-02,8.800537053381E-02,0.109006652239,0.128007811918,
    0.157009581389,0.184011228987,0.213012998458,0.242014767929,
    0.265016171635,0.294017941106,0.323019710577,0.352021480047,
    0.381023249518,0.406024775192,0.435026544663,0.463028253205,
    0.492030022676,0.519031670274,0.548033439745,0.577035209216,
    0.606036978687,0.635038748158,0.6610403348,0.689042043342,
    0.713043508036,1.),.UNSPECIFIED.);
#1513 = CARTESIAN_POINT('',(9.083333333333,6.,0.));
#1514 = CARTESIAN_POINT('',(9.096348502587,6.,0.));
#1515 = CARTESIAN_POINT('',(9.109363673397,5.999802372885,0.));
#1516 = CARTESIAN_POINT('',(9.12237524164,5.999407118739,0.));
#1517 = CARTESIAN_POINT('',(9.135379606931,5.998814319578,0.));
#1518 = CARTESIAN_POINT('',(9.148373172616,5.998024139356,0.));
#1519 = CARTESIAN_POINT('',(9.161352345779,5.997036823958,0.));
#1520 = CARTESIAN_POINT('',(9.182805352496,5.995076896628,0.));
#1521 = CARTESIAN_POINT('',(9.191289449945,5.994216612253,0.));
#1522 = CARTESIAN_POINT('',(9.199764820687,5.993271940259,0.));
#1523 = CARTESIAN_POINT('',(9.208230457648,5.992242987827,0.));
#1524 = CARTESIAN_POINT('',(9.216685355578,5.991129877139,0.));
#1525 = CARTESIAN_POINT('',(9.225128511047,5.98993274538,0.));
#1526 = CARTESIAN_POINT('',(9.242876745567,5.987235901926,0.));
#1527 = CARTESIAN_POINT('',(9.252179000982,5.985717604245,0.));
#1528 = CARTESIAN_POINT('',(9.261464336226,5.984097057215,0.));
#1529 = CARTESIAN_POINT('',(9.270731402952,5.98237448853,0.));
#1530 = CARTESIAN_POINT('',(9.279978856931,5.980550148055,0.));
#1531 = CARTESIAN_POINT('',(9.289205358059,5.978624307829,0.));
#1532 = CARTESIAN_POINT('',(9.306737191013,5.974763268272,0.));
#1533 = CARTESIAN_POINT('',(9.315046566598,5.97284642813,0.));
#1534 = CARTESIAN_POINT('',(9.323336707715,5.970846959536,0.));
#1535 = CARTESIAN_POINT('',(9.331606628664,5.968765095046,0.));
#1536 = CARTESIAN_POINT('',(9.339855347436,5.966601081871,0.));
#1537 = CARTESIAN_POINT('',(9.348081885709,5.964355181878,0.));
#1538 = CARTESIAN_POINT('',(9.365352165988,5.959455160217,0.));
#1539 = CARTESIAN_POINT('',(9.374390777182,5.956782953016,0.));
#1540 = CARTESIAN_POINT('',(9.383399786385,5.954011423393,0.));
#1541 = CARTESIAN_POINT('',(9.392377884418,5.951140966238,0.));
#1542 = CARTESIAN_POINT('',(9.40132376897,5.948171997923,0.));
#1543 = CARTESIAN_POINT('',(9.410236144598,5.945104956302,0.));
#1544 = CARTESIAN_POINT('',(9.42714581724,5.939077040881,0.));
#1545 = CARTESIAN_POINT('',(9.435149427143,5.936133874684,0.));
#1546 = CARTESIAN_POINT('',(9.443123598157,5.933111142304,0.));
#1547 = CARTESIAN_POINT('',(9.451067381501,5.930009198004,0.));
#1548 = CARTESIAN_POINT('',(9.458979833893,5.926828410123,0.));
#1549 = CARTESIAN_POINT('',(9.466860017546,5.923569161079,0.));
#1550 = CARTESIAN_POINT('',(9.486683973417,5.915138052851,0.));
#1551 = CARTESIAN_POINT('',(9.498583602046,5.909862394961,0.));
#1552 = CARTESIAN_POINT('',(9.510402569464,5.904406284333,0.));
#1553 = CARTESIAN_POINT('',(9.522137594578,5.898771205538,0.));
#1554 = CARTESIAN_POINT('',(9.533785431801,5.892958717085,0.));
#1555 = CARTESIAN_POINT('',(9.54534287105,5.886970451419,0.));
#1556 = CARTESIAN_POINT('',(9.567479993009,5.875070767117,0.));
#1557 = CARTESIAN_POINT('',(9.578072139374,5.869182529181,0.));
#1558 = CARTESIAN_POINT('',(9.588580615168,5.863144778189,0.));
#1559 = CARTESIAN_POINT('',(9.599002890172,5.856958944213,0.));
#1560 = CARTESIAN_POINT('',(9.609336465621,5.850626510321,0.));
#1561 = CARTESIAN_POINT('',(9.619578874204,5.844149012576,0.));
#1562 = CARTESIAN_POINT('',(9.640628249263,5.83041662514,0.));
#1563 = CARTESIAN_POINT('',(9.651420837424,5.823139691138,0.));
#1564 = CARTESIAN_POINT('',(9.662102426042,5.815699207377,0.));
#1565 = CARTESIAN_POINT('',(9.672670044506,5.80809720978,0.));
#1566 = CARTESIAN_POINT('',(9.683120770101,5.800335800853,0.));
#1567 = CARTESIAN_POINT('',(9.693451728009,5.792417149681,0.));
#1568 = CARTESIAN_POINT('',(9.71386845461,5.776269834186,0.));
#1569 = CARTESIAN_POINT('',(9.723954225744,5.768041167932,0.));
#1570 = CARTESIAN_POINT('',(9.733914577893,5.759659728969,0.));
#1571 = CARTESIAN_POINT('',(9.743746737994,5.751127815046,0.));
#1572 = CARTESIAN_POINT('',(9.75344798674,5.742447785855,0.));
#1573 = CARTESIAN_POINT('',(9.763015658581,5.733622063038,0.));
#1574 = CARTESIAN_POINT('',(9.779927283629,5.717539838513,0.));
#1575 = CARTESIAN_POINT('',(9.787321762136,5.710336464852,0.));
#1576 = CARTESIAN_POINT('',(9.794629274748,5.703044247848,0.));
#1577 = CARTESIAN_POINT('',(9.80184854217,5.695664448836,0.));
#1578 = CARTESIAN_POINT('',(9.808978308306,5.688198351846,0.));
#1579 = CARTESIAN_POINT('',(9.816017340254,5.680647263599,0.));
#1580 = CARTESIAN_POINT('',(9.831723800085,5.663386089623,0.));
#1581 = CARTESIAN_POINT('',(9.840337001746,5.653626659065,0.));
#1582 = CARTESIAN_POINT('',(9.848801607738,5.643736887611,0.));
#1583 = CARTESIAN_POINT('',(9.857115255616,5.633719493418,0.));
#1584 = CARTESIAN_POINT('',(9.865275646054,5.623577247025,0.));
#1585 = CARTESIAN_POINT('',(9.873280542839,5.613312971349,0.));
#1586 = CARTESIAN_POINT('',(9.888975002905,5.592546112029,0.));
#1587 = CARTESIAN_POINT('',(9.896664568063,5.582043525901,0.));
#1588 = CARTESIAN_POINT('',(9.904194295381,5.571424658706,0.));
#1589 = CARTESIAN_POINT('',(9.911562079511,5.560692432261,0.));
#1590 = CARTESIAN_POINT('',(9.918765882727,5.549849814808,0.));
#1591 = CARTESIAN_POINT('',(9.925803734919,5.538899821009,0.));
#1592 = CARTESIAN_POINT('',(9.939543732274,5.516791202882,0.));
#1593 = CARTESIAN_POINT('',(9.946245879081,5.505632575911,0.));
#1594 = CARTESIAN_POINT('',(9.952778271667,5.494372692204,0.));
#1595 = CARTESIAN_POINT('',(9.959139079245,5.483014653006,0.));
#1596 = CARTESIAN_POINT('',(9.965326542589,5.471561599642,0.));
#1597 = CARTESIAN_POINT('',(9.971338974037,5.460016713511,0.));
#1598 = CARTESIAN_POINT('',(9.983010540933,5.436749718669,0.));
#1599 = CARTESIAN_POINT('',(9.988669677776,5.425027607175,0.));
#1600 = CARTESIAN_POINT('',(9.994150552063,5.413220103161,0.));
#1601 = CARTESIAN_POINT('',(9.999451622749,5.401330461575,0.));
#1602 = CARTESIAN_POINT('',(10.004571423704,5.389361970769,0.));
#1603 = CARTESIAN_POINT('',(10.009508563707,5.377317952491,0.));
#1604 = CARTESIAN_POINT('',(10.018359280583,5.354756769884,0.));
#1605 = CARTESIAN_POINT('',(10.022320110344,5.344258140322,0.));
#1606 = CARTESIAN_POINT('',(10.0261433727,5.333708022263,0.));
#1607 = CARTESIAN_POINT('',(10.029828267402,5.32310857964,0.));
#1608 = CARTESIAN_POINT('',(10.033374036986,5.31246199126,0.));
#1609 = CARTESIAN_POINT('',(10.036779966779,5.301770450804,0.));
#1610 = CARTESIAN_POINT('',(10.043833269862,5.27858439755,0.));
#1611 = CARTESIAN_POINT('',(10.047432083043,5.266075110146,0.));
#1612 = CARTESIAN_POINT('',(10.050840775584,5.253511752745,0.));
#1613 = CARTESIAN_POINT('',(10.054058378109,5.240897793754,0.));
#1614 = CARTESIAN_POINT('',(10.057084000718,5.228236721847,0.));
#1615 = CARTESIAN_POINT('',(10.059916832984,5.215532045974,0.));
#1616 = CARTESIAN_POINT('',(10.065104444211,5.19048201886,0.));
#1617 = CARTESIAN_POINT('',(10.067472339924,5.178139381045,0.));
#1618 = CARTESIAN_POINT('',(10.069659173358,5.165762558329,0.));
#1619 = CARTESIAN_POINT('',(10.071664357143,5.153354738502,0.));
#1620 = CARTESIAN_POINT('',(10.073487374272,5.140919120722,0.));
#1621 = CARTESIAN_POINT('',(10.075127778108,5.128458915524,0.));
#1622 = CARTESIAN_POINT('',(10.078094657148,5.103050003752,0.));
#1623 = CARTESIAN_POINT('',(10.079407828602,5.090099740881,0.));
#1624 = CARTESIAN_POINT('',(10.080524288823,5.077130136008,0.));
#1625 = CARTESIAN_POINT('',(10.081443701712,5.064144774735,0.));
#1626 = CARTESIAN_POINT('',(10.082165812984,5.051147248458,0.));
#1627 = CARTESIAN_POINT('',(10.082690450171,5.038141154367,0.));
#1628 = CARTESIAN_POINT('',(10.083322038344,5.013016350856,0.));
#1629 = CARTESIAN_POINT('',(10.083455300042,5.00089830019,0.));
#1630 = CARTESIAN_POINT('',(10.083417234678,4.98877885088,0.));
#1631 = CARTESIAN_POINT('',(10.083207830839,4.976660909295,0.));
#1632 = CARTESIAN_POINT('',(10.082827138729,4.964547380739,0.));
#1633 = CARTESIAN_POINT('',(10.082275270172,4.952441169452,0.));
#1634 = CARTESIAN_POINT('',(10.080775981014,4.927353188523,0.));
#1635 = CARTESIAN_POINT('',(10.079802288171,4.914372986293,0.));
#1636 = CARTESIAN_POINT('',(10.078631535166,4.901408169619,0.));
#1637 = CARTESIAN_POINT('',(10.077264018654,4.888462327582,0.));
#1638 = CARTESIAN_POINT('',(10.075700116851,4.875539040649,0.));
#1639 = CARTESIAN_POINT('',(10.07394028954,4.86264188067,0.));
#1640 = CARTESIAN_POINT('',(10.070029866603,4.836906941089,0.));
#1641 = CARTESIAN_POINT('',(10.067879270508,4.824069158409,0.));
#1642 = CARTESIAN_POINT('',(10.065533831302,4.81126462605,0.));
#1643 = CARTESIAN_POINT('',(10.062994170941,4.79849689122,0.));
#1644 = CARTESIAN_POINT('',(10.060260991825,4.785769485124,0.));
#1645 = CARTESIAN_POINT('',(10.0573350768,4.773085922969,0.));
#1646 = CARTESIAN_POINT('',(10.051099501504,4.747813484947,0.));
#1647 = CARTESIAN_POINT('',(10.047789840489,4.73522460606,0.));
#1648 = CARTESIAN_POINT('',(10.044289169555,4.72268656646,0.));
#1649 = CARTESIAN_POINT('',(10.040598430806,4.710202842058,0.));
#1650 = CARTESIAN_POINT('',(10.036718644999,4.697776885512,0.));
#1651 = CARTESIAN_POINT('',(10.032650911546,4.685412126224,0.));
#1652 = CARTESIAN_POINT('',(10.02414190548,4.660811814466,0.));
#1653 = CARTESIAN_POINT('',(10.01970063185,4.648576259055,0.));
#1654 = CARTESIAN_POINT('',(10.015073765845,4.636408710207,0.));
#1655 = CARTESIAN_POINT('',(10.010262561901,4.624312543704,0.));
#1656 = CARTESIAN_POINT('',(10.005268350664,4.612291105016,0.));
#1657 = CARTESIAN_POINT('',(10.000092538996,4.600347709299,0.));
#1658 = CARTESIAN_POINT('',(9.989934742524,4.577850683874,0.));
#1659 = CARTESIAN_POINT('',(9.98498809497,4.56728109609,0.));
#1660 = CARTESIAN_POINT('',(9.979897736,4.556779244831,0.));
#1661 = CARTESIAN_POINT('',(9.974664781673,4.546347473123,0.));
#1662 = CARTESIAN_POINT('',(9.969290395417,4.535988100231,0.));
#1663 = CARTESIAN_POINT('',(9.963775788028,4.525703421661,0.));
#1664 = CARTESIAN_POINT('',(9.95203375731,4.504502788054,0.));
#1665 = CARTESIAN_POINT('',(9.945784131651,4.493599127317,0.));
#1666 = CARTESIAN_POINT('',(9.939374912385,4.482787564554,0.));
#1667 = CARTESIAN_POINT('',(9.932807731979,4.472070900129,0.));
#1668 = CARTESIAN_POINT('',(9.926084283677,4.461451897165,0.));
#1669 = CARTESIAN_POINT('',(9.9192063215,4.450933281542,0.));
#1670 = CARTESIAN_POINT('',(9.906149379099,4.431590136403,0.));
#1671 = CARTESIAN_POINT('',(9.900010910012,4.422738258897,0.));
#1672 = CARTESIAN_POINT('',(9.893761395634,4.413963802116,0.));
#1673 = CARTESIAN_POINT('',(9.887402009676,4.405268436082,0.));
#1674 = CARTESIAN_POINT('',(9.880933956905,4.396653808109,0.));
#1675 = CARTESIAN_POINT('',(9.874358473143,4.388121542793,0.));
#1676 = CARTESIAN_POINT('',(9.787792440732,4.278667124987,0.));
#1677 = CARTESIAN_POINT('',(9.692679042663,4.189595199872,0.));
#1678 = CARTESIAN_POINT('',(9.584563258465,4.115346170143,0.));
#1679 = CARTESIAN_POINT('',(9.466279472937,4.058089128054,0.));
#1680 = CARTESIAN_POINT('',(9.34097561579,4.019347876238,0.));
#1681 = CARTESIAN_POINT('',(9.212111245147,4.,0.));
#1682 = CARTESIAN_POINT('',(9.083333333333,4.,0.));
#1683 = PCURVE('',#98,#1684);
#1684 = DEFINITIONAL_REPRESENTATION('',(#1685),#1856);
#1685 = B_SPLINE_CURVE_WITH_KNOTS('',7,(#1686,#1687,#1688,#1689,#1690,
    #1691,#1692,#1693,#1694,#1695,#1696,#1697,#1698,#1699,#1700,#1701,
    #1702,#1703,#1704,#1705,#1706,#1707,#1708,#1709,#1710,#1711,#1712,
    #1713,#1714,#1715,#1716,#1717,#1718,#1719,#1720,#1721,#1722,#1723,
    #1724,#1725,#1726,#1727,#1728,#1729,#1730,#1731,#1732,#1733,#1734,
    #1735,#1736,#1737,#1738,#1739,#1740,#1741,#1742,#1743,#1744,#1745,
    #1746,#1747,#1748,#1749,#1750,#1751,#1752,#1753,#1754,#1755,#1756,
    #1757,#1758,#1759,#1760,#1761,#1762,#1763,#1764,#1765,#1766,#1767,
    #1768,#1769,#1770,#1771,#1772,#1773,#1774,#1775,#1776,#1777,#1778,
    #1779,#1780,#1781,#1782,#1783,#1784,#1785,#1786,#1787,#1788,#1789,
    #1790,#1791,#1792,#1793,#1794,#1795,#1796,#1797,#1798,#1799,#1800,
    #1801,#1802,#1803,#1804,#1805,#1806,#1807,#1808,#1809,#1810,#1811,
    #1812,#1813,#1814,#1815,#1816,#1817,#1818,#1819,#1820,#1821,#1822,
    #1823,#1824,#1825,#1826,#1827,#1828,#1829,#1830,#1831,#1832,#1833,
    #1834,#1835,#1836,#1837,#1838,#1839,#1840,#1841,#1842,#1843,#1844,
    #1845,#1846,#1847,#1848,#1849,#1850,#1851,#1852,#1853,#1854,#1855),
  .UNSPECIFIED.,.F.,.F.,(8,6,6,6,6,6,6,6,6,6,6,6,6,6,6,6,6,6,6,6,6,6,6,6
    ,6,6,6,6,8),(0.,2.900176947086E-02,4.800292914987E-02,
    6.90042108548E-02,8.800537053381E-02,0.109006652239,0.128007811918,
    0.157009581389,0.184011228987,0.213012998458,0.242014767929,
    0.265016171635,0.294017941106,0.323019710577,0.352021480047,
    0.381023249518,0.406024775192,0.435026544663,0.463028253205,
    0.492030022676,0.519031670274,0.548033439745,0.577035209216,
    0.606036978687,0.635038748158,0.6610403348,0.689042043342,
    0.713043508036,1.),.UNSPECIFIED.);
#1686 = CARTESIAN_POINT('',(9.083333333333,6.));
#1687 = CARTESIAN_POINT('',(9.096348502587,6.));
#1688 = CARTESIAN_POINT('',(9.109363673397,5.999802372885));
#1689 = CARTESIAN_POINT('',(9.12237524164,5.999407118739));
#1690 = CARTESIAN_POINT('',(9.135379606931,5.998814319578));
#1691 = CARTESIAN_POINT('',(9.148373172616,5.998024139356));
#1692 = CARTESIAN_POINT('',(9.161352345779,5.997036823958));
#1693 = CARTESIAN_POINT('',(9.182805352496,5.995076896628));
#1694 = CARTESIAN_POINT('',(9.191289449945,5.994216612253));
#1695 = CARTESIAN_POINT('',(9.199764820687,5.993271940259));
#1696 = CARTESIAN_POINT('',(9.208230457648,5.992242987827));
#1697 = CARTESIAN_POINT('',(9.216685355578,5.991129877139));
#1698 = CARTESIAN_POINT('',(9.225128511047,5.98993274538));
#1699 = CARTESIAN_POINT('',(9.242876745567,5.987235901926));
#1700 = CARTESIAN_POINT('',(9.252179000982,5.985717604245));
#1701 = CARTESIAN_POINT('',(9.261464336226,5.984097057215));
#1702 = CARTESIAN_POINT('',(9.270731402952,5.98237448853));
#1703 = CARTESIAN_POINT('',(9.279978856931,5.980550148055));
#1704 = CARTESIAN_POINT('',(9.289205358059,5.978624307829));
#1705 = CARTESIAN_POINT('',(9.306737191013,5.974763268272));
#1706 = CARTESIAN_POINT('',(9.315046566598,5.97284642813));
#1707 = CARTESIAN_POINT('',(9.323336707715,5.970846959536));
#1708 = CARTESIAN_POINT('',(9.331606628664,5.968765095046));
#1709 = CARTESIAN_POINT('',(9.339855347436,5.966601081871));
#1710 = CARTESIAN_POINT('',(9.348081885709,5.964355181878));
#1711 = CARTESIAN_POINT('',(9.365352165988,5.959455160217));
#1712 = CARTESIAN_POINT('',(9.374390777182,5.956782953016));
#1713 = CARTESIAN_POINT('',(9.383399786385,5.954011423393));
#1714 = CARTESIAN_POINT('',(9.392377884418,5.951140966238));
#1715 = CARTESIAN_POINT('',(9.40132376897,5.948171997923));
#1716 = CARTESIAN_POINT('',(9.410236144598,5.945104956302));
#1717 = CARTESIAN_POINT('',(9.42714581724,5.939077040881));
#1718 = CARTESIAN_POINT('',(9.435149427143,5.936133874684));
#1719 = CARTESIAN_POINT('',(9.443123598157,5.933111142304));
#1720 = CARTESIAN_POINT('',(9.451067381501,5.930009198004));
#1721 = CARTESIAN_POINT('',(9.458979833893,5.926828410123));
#1722 = CARTESIAN_POINT('',(9.466860017546,5.923569161079));
#1723 = CARTESIAN_POINT('',(9.486683973417,5.915138052851));
#1724 = CARTESIAN_POINT('',(9.498583602046,5.909862394961));
#1725 = CARTESIAN_POINT('',(9.510402569464,5.904406284333));
#1726 = CARTESIAN_POINT('',(9.522137594578,5.898771205538));
#1727 = CARTESIAN_POINT('',(9.533785431801,5.892958717085));
#1728 = CARTESIAN_POINT('',(9.54534287105,5.886970451419));
#1729 = CARTESIAN_POINT('',(9.567479993009,5.875070767117));
#1730 = CARTESIAN_POINT('',(9.578072139374,5.869182529181));
#1731 = CARTESIAN_POINT('',(9.588580615168,5.863144778189));
#1732 = CARTESIAN_POINT('',(9.599002890172,5.856958944213));
#1733 = CARTESIAN_POINT('',(9.609336465621,5.850626510321));
#1734 = CARTESIAN_POINT('',(9.619578874204,5.844149012576));
#1735 = CARTESIAN_POINT('',(9.640628249263,5.83041662514));
#1736 = CARTESIAN_POINT('',(9.651420837424,5.823139691138));
#1737 = CARTESIAN_POINT('',(9.662102426042,5.815699207377));
#1738 = CARTESIAN_POINT('',(9.672670044506,5.80809720978));
#1739 = CARTESIAN_POINT('',(9.683120770101,5.800335800853));
#1740 = CARTESIAN_POINT('',(9.693451728009,5.792417149681));
#1741 = CARTESIAN_POINT('',(9.71386845461,5.776269834186));
#1742 = CARTESIAN_POINT('',(9.723954225744,5.768041167932));
#1743 = CARTESIAN_POINT('',(9.733914577893,5.759659728969));
#1744 = CARTESIAN_POINT('',(9.743746737994,5.751127815046));
#1745 = CARTESIAN_POINT('',(9.75344798674,5.742447785855));
#1746 = CARTESIAN_POINT('',(9.763015658581,5.733622063038));
#1747 = CARTESIAN_POINT('',(9.779927283629,5.717539838513));
#1748 = CARTESIAN_POINT('',(9.787321762136,5.710336464852));
#1749 = CARTESIAN_POINT('',(9.794629274748,5.703044247848));
#1750 = CARTESIAN_POINT('',(9.80184854217,5.695664448836));
#1751 = CARTESIAN_POINT('',(9.808978308306,5.688198351846));
#1752 = CARTESIAN_POINT('',(9.816017340254,5.680647263599));
#1753 = CARTESIAN_POINT('',(9.831723800085,5.663386089623));
#1754 = CARTESIAN_POINT('',(9.840337001746,5.653626659065));
#1755 = CARTESIAN_POINT('',(9.848801607738,5.643736887611));
#1756 = CARTESIAN_POINT('',(9.857115255616,5.633719493418));
#1757 = CARTESIAN_POINT('',(9.865275646054,5.623577247025));
#1758 = CARTESIAN_POINT('',(9.873280542839,5.613312971349));
#1759 = CARTESIAN_POINT('',(9.888975002905,5.592546112029));
#1760 = CARTESIAN_POINT('',(9.896664568063,5.582043525901));
#1761 = CARTESIAN_POINT('',(9.904194295381,5.571424658706));
#1762 = CARTESIAN_POINT('',(9.911562079511,5.560692432261));
#1763 = CARTESIAN_POINT('',(9.918765882727,5.549849814808));
#1764 = CARTESIAN_POINT('',(9.925803734919,5.538899821009));
#1765 = CARTESIAN_POINT('',(9.939543732274,5.516791202882));
#1766 = CARTESIAN_POINT('',(9.946245879081,5.505632575911));
#1767 = CARTESIAN_POINT('',(9.952778271667,5.494372692204));
#1768 = CARTESIAN_POINT('',(9.959139079245,5.483014653006));
#1769 = CARTESIAN_POINT('',(9.965326542589,5.471561599642));
#1770 = CARTESIAN_POINT('',(9.971338974037,5.460016713511));
#1771 = CARTESIAN_POINT('',(9.983010540933,5.436749718669));
#1772 = CARTESIAN_POINT('',(9.988669677776,5.425027607175));
#1773 = CARTESIAN_POINT('',(9.994150552063,5.413220103161));
#1774 = CARTESIAN_POINT('',(9.999451622749,5.401330461575));
#1775 = CARTESIAN_POINT('',(10.004571423704,5.389361970769));
#1776 = CARTESIAN_POINT('',(10.009508563707,5.377317952491));
#1777 = CARTESIAN_POINT('',(10.018359280583,5.354756769884));
#1778 = CARTESIAN_POINT('',(10.022320110344,5.344258140322));
#1779 = CARTESIAN_POINT('',(10.0261433727,5.333708022263));
#1780 = CARTESIAN_POINT('',(10.029828267402,5.32310857964));
#1781 = CARTESIAN_POINT('',(10.033374036986,5.31246199126));
#1782 = CARTESIAN_POINT('',(10.036779966779,5.301770450804));
#1783 = CARTESIAN_POINT('',(10.043833269862,5.27858439755));
#1784 = CARTESIAN_POINT('',(10.047432083043,5.266075110146));
#1785 = CARTESIAN_POINT('',(10.050840775584,5.253511752745));
#1786 = CARTESIAN_POINT('',(10.054058378109,5.240897793754));
#1787 = CARTESIAN_POINT('',(10.057084000718,5.228236721847));
#1788 = CARTESIAN_POINT('',(10.059916832984,5.215532045974));
#1789 = CARTESIAN_POINT('',(10.065104444211,5.19048201886));
#1790 = CARTESIAN_POINT('',(10.067472339924,5.178139381045));
#1791 = CARTESIAN_POINT('',(10.069659173358,5.165762558329));
#1792 = CARTESIAN_POINT('',(10.071664357143,5.153354738502));
#1793 = CARTESIAN_POINT('',(10.073487374272,5.140919120722));
#1794 = CARTESIAN_POINT('',(10.075127778108,5.128458915524));
#1795 = CARTESIAN_POINT('',(10.078094657148,5.103050003752));
#1796 = CARTESIAN_POINT('',(10.079407828602,5.090099740881));
#1797 = CARTESIAN_POINT('',(10.080524288823,5.077130136008));
#1798 = CARTESIAN_POINT('',(10.081443701712,5.064144774735));
#1799 = CARTESIAN_POINT('',(10.082165812984,5.051147248458));
#1800 = CARTESIAN_POINT('',(10.082690450171,5.038141154367));
#1801 = CARTESIAN_POINT('',(10.083322038344,5.013016350856));
#1802 = CARTESIAN_POINT('',(10.083455300042,5.00089830019));
#1803 = CARTESIAN_POINT('',(10.083417234678,4.98877885088));
#1804 = CARTESIAN_POINT('',(10.083207830839,4.976660909295));
#1805 = CARTESIAN_POINT('',(10.082827138729,4.964547380739));
#1806 = CARTESIAN_POINT('',(10.082275270172,4.952441169452));
#1807 = CARTESIAN_POINT('',(10.080775981014,4.927353188523));
#1808 = CARTESIAN_POINT('',(10.079802288171,4.914372986293));
#1809 = CARTESIAN_POINT('',(10.078631535166,4.901408169619));
#1810 = CARTESIAN_POINT('',(10.077264018654,4.888462327582));
#1811 = CARTESIAN_POINT('',(10.075700116851,4.875539040649));
#1812 = CARTESIAN_POINT('',(10.07394028954,4.86264188067));
#1813 = CARTESIAN_POINT('',(10.070029866603,4.836906941089));
#1814 = CARTESIAN_POINT('',(10.067879270508,4.824069158409));
#1815 = CARTESIAN_POINT('',(10.065533831302,4.81126462605));
#1816 = CARTESIAN_POINT('',(10.062994170941,4.79849689122));
#1817 = CARTESIAN_POINT('',(10.060260991825,4.785769485124));
#1818 = CARTESIAN_POINT('',(10.0573350768,4.773085922969));
#1819 = CARTESIAN_POINT('',(10.051099501504,4.747813484947));
#1820 = CARTESIAN_POINT('',(10.047789840489,4.73522460606));
#1821 = CARTESIAN_POINT('',(10.044289169555,4.72268656646));
#1822 = CARTESIAN_POINT('',(10.040598430806,4.710202842058));
#1823 = CARTESIAN_POINT('',(10.036718644999,4.697776885512));
#1824 = CARTESIAN_POINT('',(10.032650911546,4.685412126224));
#1825 = CARTESIAN_POINT('',(10.02414190548,4.660811814466));
#1826 = CARTESIAN_POINT('',(10.01970063185,4.648576259055));
#1827 = CARTESIAN_POINT('',(10.015073765845,4.636408710207));
#1828 = CARTESIAN_POINT('',(10.010262561901,4.624312543704));
#1829 = CARTESIAN_POINT('',(10.005268350664,4.612291105016));
#1830 = CARTESIAN_POINT('',(10.000092538996,4.600347709299));
#1831 = CARTESIAN_POINT('',(9.989934742524,4.577850683874));
#1832 = CARTESIAN_POINT('',(9.98498809497,4.56728109609));
#1833 = CARTESIAN_POINT('',(9.979897736,4.556779244831));
#1834 = CARTESIAN_POINT('',(9.974664781673,4.546347473123));
#1835 = CARTESIAN_POINT('',(9.969290395417,4.535988100231));
#1836 = CARTESIAN_POINT('',(9.963775788028,4.525703421661));
#1837 = CARTESIAN_POINT('',(9.95203375731,4.504502788054));
#1838 = CARTESIAN_POINT('',(9.945784131651,4.493599127317));
#1839 = CARTESIAN_POINT('',(9.939374912385,4.482787564554));
#1840 = CARTESIAN_POINT('',(9.932807731979,4.472070900129));
#1841 = CARTESIAN_POINT('',(9.926084283677,4.461451897165));
#1842 = CARTESIAN_POINT('',(9.9192063215,4.450933281542));
#1843 = CARTESIAN_POINT('',(9.906149379099,4.431590136403));
#1844 = CARTESIAN_POINT('',(9.900010910012,4.422738258897));
#1845 = CARTESIAN_POINT('',(9.893761395634,4.413963802116));
#1846 = CARTESIAN_POINT('',(9.887402009676,4.405268436082));
#1847 = CARTESIAN_POINT('',(9.880933956905,4.396653808109));
#1848 = CARTESIAN_POINT('',(9.874358473143,4.388121542793));
#1849 = CARTESIAN_POINT('',(9.787792440732,4.278667124987));
#1850 = CARTESIAN_POINT('',(9.692679042663,4.189595199872));
#1851 = CARTESIAN_POINT('',(9.584563258465,4.115346170143));
#1852 = CARTESIAN_POINT('',(9.466279472937,4.058089128054));
#1853 = CARTESIAN_POINT('',(9.34097561579,4.019347876238));
#1854 = CARTESIAN_POINT('',(9.212111245147,4.));
#1855 = CARTESIAN_POINT('',(9.083333333333,4.));
#1856 = ( GEOMETRIC_REPRESENTATION_CONTEXT(2) 
PARAMETRIC_REPRESENTATION_CONTEXT() REPRESENTATION_CONTEXT('2D SPACE',''
  ) );
#1857 = PCURVE('',#618,#1858);
#1858 = DEFINITIONAL_REPRESENTATION('',(#1859),#2030);
#1859 = B_SPLINE_CURVE_WITH_KNOTS('',7,(#1860,#1861,#1862,#1863,#1864,
    #1865,#1866,#1867,#1868,#1869,#1870,#1871,#1872,#1873,#1874,#1875,
    #1876,#1877,#1878,#1879,#1880,#1881,#1882,#1883,#1884,#1885,#1886,
    #1887,#1888,#1889,#1890,#1891,#1892,#1893,#1894,#1895,#1896,#1897,
    #1898,#1899,#1900,#1901,#1902,#1903,#1904,#1905,#1906,#1907,#1908,
    #1909,#1910,#1911,#1912,#1913,#1914,#1915,#1916,#1917,#1918,#1919,
    #1920,#1921,#1922,#1923,#1924,#1925,#1926,#1927,#1928,#1929,#1930,
    #1931,#1932,#1933,#1934,#1935,#1936,#1937,#1938,#1939,#1940,#1941,
    #1942,#1943,#1944,#1945,#1946,#1947,#1948,#1949,#1950,#1951,#1952,
    #1953,#1954,#1955,#1956,#1957,#1958,#1959,#1960,#1961,#1962,#1963,
    #1964,#1965,#1966,#1967,#1968,#1969,#1970,#1971,#1972,#1973,#1974,
    #1975,#1976,#1977,#1978,#1979,#1980,#1981,#1982,#1983,#1984,#1985,
    #1986,#1987,#1988,#1989,#1990,#1991,#1992,#1993,#1994,#1995,#1996,
    #1997,#1998,#1999,#2000,#2001,#2002,#2003,#2004,#2005,#2006,#2007,
    #2008,#2009,#2010,#2011,#2012,#2013,#2014,#2015,#2016,#2017,#2018,
    #2019,#2020,#2021,#2022,#2023,#2024,#2025,#2026,#2027,#2028,#2029),
  .UNSPECIFIED.,.F.,.F.,(8,6,6,6,6,6,6,6,6,6,6,6,6,6,6,6,6,6,6,6,6,6,6,6
    ,6,6,6,6,8),(0.,2.900176947086E-02,4.800292914987E-02,
    6.90042108548E-02,8.800537053381E-02,0.109006652239,0.128007811918,
    0.157009581389,0.184011228987,0.213012998458,0.242014767929,
    0.265016171635,0.294017941106,0.323019710577,0.352021480047,
    0.381023249518,0.406024775192,0.435026544663,0.463028253205,
    0.492030022676,0.519031670274,0.548033439745,0.577035209216,
    0.606036978687,0.635038748158,0.6610403348,0.689042043342,
    0.713043508036,1.),.UNSPECIFIED.);
#1860 = CARTESIAN_POINT('',(3.14159265359,-1.003466214899));
#1861 = CARTESIAN_POINT('',(3.128577484336,-1.003466214899));
#1862 = CARTESIAN_POINT('',(3.115562314771,-1.003466214899));
#1863 = CARTESIAN_POINT('',(3.10254714502,-1.003466214899));
#1864 = CARTESIAN_POINT('',(3.089531975206,-1.003466214899));
#1865 = CARTESIAN_POINT('',(3.076516805454,-1.003466214899));
#1866 = CARTESIAN_POINT('',(3.063501635889,-1.003466214899));
#1867 = CARTESIAN_POINT('',(3.041959286614,-1.003466214899));
#1868 = CARTESIAN_POINT('',(3.033432106554,-1.003466214899));
#1869 = CARTESIAN_POINT('',(3.024904926472,-1.003466214899));
#1870 = CARTESIAN_POINT('',(3.016377746382,-1.003466214899));
#1871 = CARTESIAN_POINT('',(3.007850566299,-1.003466214899));
#1872 = CARTESIAN_POINT('',(2.99932338624,-1.003466214899));
#1873 = CARTESIAN_POINT('',(2.981371428319,-1.003466214899));
#1874 = CARTESIAN_POINT('',(2.971946650358,-1.003466214899));
#1875 = CARTESIAN_POINT('',(2.96252187236,-1.003466214899));
#1876 = CARTESIAN_POINT('',(2.95309709435,-1.003466214899));
#1877 = CARTESIAN_POINT('',(2.943672316352,-1.003466214899));
#1878 = CARTESIAN_POINT('',(2.934247538391,-1.003466214899));
#1879 = CARTESIAN_POINT('',(2.91629558047,-1.003466214899));
#1880 = CARTESIAN_POINT('',(2.90776840041,-1.003466214899));
#1881 = CARTESIAN_POINT('',(2.899241220328,-1.003466214899));
#1882 = CARTESIAN_POINT('',(2.890714040238,-1.003466214899));
#1883 = CARTESIAN_POINT('',(2.882186860156,-1.003466214899));
#1884 = CARTESIAN_POINT('',(2.873659680096,-1.003466214899));
#1885 = CARTESIAN_POINT('',(2.855707722175,-1.003466214899));
#1886 = CARTESIAN_POINT('',(2.846282944214,-1.003466214899));
#1887 = CARTESIAN_POINT('',(2.836858166216,-1.003466214899));
#1888 = CARTESIAN_POINT('',(2.827433388206,-1.003466214899));
#1889 = CARTESIAN_POINT('',(2.818008610208,-1.003466214899));
#1890 = CARTESIAN_POINT('',(2.808583832247,-1.003466214899));
#1891 = CARTESIAN_POINT('',(2.790631874326,-1.003466214899));
#1892 = CARTESIAN_POINT('',(2.782104694267,-1.003466214899));
#1893 = CARTESIAN_POINT('',(2.773577514184,-1.003466214899));
#1894 = CARTESIAN_POINT('',(2.765050334095,-1.003466214899));
#1895 = CARTESIAN_POINT('',(2.756523154012,-1.003466214899));
#1896 = CARTESIAN_POINT('',(2.747995973952,-1.003466214899));
#1897 = CARTESIAN_POINT('',(2.726453624677,-1.003466214899));
#1898 = CARTESIAN_POINT('',(2.713438455112,-1.003466214899));
#1899 = CARTESIAN_POINT('',(2.70042328536,-1.003466214899));
#1900 = CARTESIAN_POINT('',(2.687408115546,-1.003466214899));
#1901 = CARTESIAN_POINT('',(2.674392945795,-1.003466214899));
#1902 = CARTESIAN_POINT('',(2.66137777623,-1.003466214899));
#1903 = CARTESIAN_POINT('',(2.63624503553,-1.003466214899));
#1904 = CARTESIAN_POINT('',(2.624127463866,-1.003466214899));
#1905 = CARTESIAN_POINT('',(2.612009892072,-1.003466214899));
#1906 = CARTESIAN_POINT('',(2.599892320234,-1.003466214899));
#1907 = CARTESIAN_POINT('',(2.587774748439,-1.003466214899));
#1908 = CARTESIAN_POINT('',(2.575657176775,-1.003466214899));
#1909 = CARTESIAN_POINT('',(2.550524436076,-1.003466214899));
#1910 = CARTESIAN_POINT('',(2.537509266511,-1.003466214899));
#1911 = CARTESIAN_POINT('',(2.524494096759,-1.003466214899));
#1912 = CARTESIAN_POINT('',(2.511478926945,-1.003466214899));
#1913 = CARTESIAN_POINT('',(2.498463757194,-1.003466214899));
#1914 = CARTESIAN_POINT('',(2.485448587629,-1.003466214899));
#1915 = CARTESIAN_POINT('',(2.459418249121,-1.003466214899));
#1916 = CARTESIAN_POINT('',(2.446403079557,-1.003466214899));
#1917 = CARTESIAN_POINT('',(2.433387909805,-1.003466214899));
#1918 = CARTESIAN_POINT('',(2.420372739991,-1.003466214899));
#1919 = CARTESIAN_POINT('',(2.40735757024,-1.003466214899));
#1920 = CARTESIAN_POINT('',(2.394342400675,-1.003466214899));
#1921 = CARTESIAN_POINT('',(2.371004855657,-1.003466214899));
#1922 = CARTESIAN_POINT('',(2.360682479795,-1.003466214899));
#1923 = CARTESIAN_POINT('',(2.350360103875,-1.003466214899));
#1924 = CARTESIAN_POINT('',(2.340037727935,-1.003466214899));
#1925 = CARTESIAN_POINT('',(2.329715352014,-1.003466214899));
#1926 = CARTESIAN_POINT('',(2.319392976153,-1.003466214899));
#1927 = CARTESIAN_POINT('',(2.296055431135,-1.003466214899));
#1928 = CARTESIAN_POINT('',(2.28304026157,-1.003466214899));
#1929 = CARTESIAN_POINT('',(2.270025091818,-1.003466214899));
#1930 = CARTESIAN_POINT('',(2.257009922005,-1.003466214899));
#1931 = CARTESIAN_POINT('',(2.243994752253,-1.003466214899));
#1932 = CARTESIAN_POINT('',(2.230979582688,-1.003466214899));
#1933 = CARTESIAN_POINT('',(2.204949244181,-1.003466214899));
#1934 = CARTESIAN_POINT('',(2.191934074616,-1.003466214899));
#1935 = CARTESIAN_POINT('',(2.178918904864,-1.003466214899));
#1936 = CARTESIAN_POINT('',(2.165903735051,-1.003466214899));
#1937 = CARTESIAN_POINT('',(2.152888565299,-1.003466214899));
#1938 = CARTESIAN_POINT('',(2.139873395734,-1.003466214899));
#1939 = CARTESIAN_POINT('',(2.113843057227,-1.003466214899));
#1940 = CARTESIAN_POINT('',(2.100827887662,-1.003466214899));
#1941 = CARTESIAN_POINT('',(2.08781271791,-1.003466214899));
#1942 = CARTESIAN_POINT('',(2.074797548096,-1.003466214899));
#1943 = CARTESIAN_POINT('',(2.061782378345,-1.003466214899));
#1944 = CARTESIAN_POINT('',(2.04876720878,-1.003466214899));
#1945 = CARTESIAN_POINT('',(2.022736870273,-1.003466214899));
#1946 = CARTESIAN_POINT('',(2.009721700708,-1.003466214899));
#1947 = CARTESIAN_POINT('',(1.996706530956,-1.003466214899));
#1948 = CARTESIAN_POINT('',(1.983691361142,-1.003466214899));
#1949 = CARTESIAN_POINT('',(1.970676191391,-1.003466214899));
#1950 = CARTESIAN_POINT('',(1.957661021826,-1.003466214899));
#1951 = CARTESIAN_POINT('',(1.933425878958,-1.003466214899));
#1952 = CARTESIAN_POINT('',(1.922205905195,-1.003466214899));
#1953 = CARTESIAN_POINT('',(1.910985931343,-1.003466214899));
#1954 = CARTESIAN_POINT('',(1.899765957462,-1.003466214899));
#1955 = CARTESIAN_POINT('',(1.88854598361,-1.003466214899));
#1956 = CARTESIAN_POINT('',(1.877326009847,-1.003466214899));
#1957 = CARTESIAN_POINT('',(1.853090866979,-1.003466214899));
#1958 = CARTESIAN_POINT('',(1.840075697414,-1.003466214899));
#1959 = CARTESIAN_POINT('',(1.827060527662,-1.003466214899));
#1960 = CARTESIAN_POINT('',(1.814045357848,-1.003466214899));
#1961 = CARTESIAN_POINT('',(1.801030188097,-1.003466214899));
#1962 = CARTESIAN_POINT('',(1.788015018532,-1.003466214899));
#1963 = CARTESIAN_POINT('',(1.762433478925,-1.003466214899));
#1964 = CARTESIAN_POINT('',(1.749867108311,-1.003466214899));
#1965 = CARTESIAN_POINT('',(1.73730073754,-1.003466214899));
#1966 = CARTESIAN_POINT('',(1.724734366716,-1.003466214899));
#1967 = CARTESIAN_POINT('',(1.712167995945,-1.003466214899));
#1968 = CARTESIAN_POINT('',(1.699601625331,-1.003466214899));
#1969 = CARTESIAN_POINT('',(1.674020085724,-1.003466214899));
#1970 = CARTESIAN_POINT('',(1.661004916159,-1.003466214899));
#1971 = CARTESIAN_POINT('',(1.647989746408,-1.003466214899));
#1972 = CARTESIAN_POINT('',(1.634974576594,-1.003466214899));
#1973 = CARTESIAN_POINT('',(1.621959406842,-1.003466214899));
#1974 = CARTESIAN_POINT('',(1.608944237277,-1.003466214899));
#1975 = CARTESIAN_POINT('',(1.583811496578,-1.003466214899));
#1976 = CARTESIAN_POINT('',(1.571693924914,-1.003466214899));
#1977 = CARTESIAN_POINT('',(1.559576353119,-1.003466214899));
#1978 = CARTESIAN_POINT('',(1.547458781281,-1.003466214899));
#1979 = CARTESIAN_POINT('',(1.535341209487,-1.003466214899));
#1980 = CARTESIAN_POINT('',(1.523223637823,-1.003466214899));
#1981 = CARTESIAN_POINT('',(1.498090897123,-1.003466214899));
#1982 = CARTESIAN_POINT('',(1.485075727558,-1.003466214899));
#1983 = CARTESIAN_POINT('',(1.472060557807,-1.003466214899));
#1984 = CARTESIAN_POINT('',(1.459045387993,-1.003466214899));
#1985 = CARTESIAN_POINT('',(1.446030218241,-1.003466214899));
#1986 = CARTESIAN_POINT('',(1.433015048676,-1.003466214899));
#1987 = CARTESIAN_POINT('',(1.406984710169,-1.003466214899));
#1988 = CARTESIAN_POINT('',(1.393969540604,-1.003466214899));
#1989 = CARTESIAN_POINT('',(1.380954370852,-1.003466214899));
#1990 = CARTESIAN_POINT('',(1.367939201039,-1.003466214899));
#1991 = CARTESIAN_POINT('',(1.354924031287,-1.003466214899));
#1992 = CARTESIAN_POINT('',(1.341908861722,-1.003466214899));
#1993 = CARTESIAN_POINT('',(1.315878523215,-1.003466214899));
#1994 = CARTESIAN_POINT('',(1.30286335365,-1.003466214899));
#1995 = CARTESIAN_POINT('',(1.289848183898,-1.003466214899));
#1996 = CARTESIAN_POINT('',(1.276833014085,-1.003466214899));
#1997 = CARTESIAN_POINT('',(1.263817844333,-1.003466214899));
#1998 = CARTESIAN_POINT('',(1.250802674768,-1.003466214899));
#1999 = CARTESIAN_POINT('',(1.224772336261,-1.003466214899));
#2000 = CARTESIAN_POINT('',(1.211757166696,-1.003466214899));
#2001 = CARTESIAN_POINT('',(1.198741996944,-1.003466214899));
#2002 = CARTESIAN_POINT('',(1.18572682713,-1.003466214899));
#2003 = CARTESIAN_POINT('',(1.172711657379,-1.003466214899));
#2004 = CARTESIAN_POINT('',(1.159696487814,-1.003466214899));
#2005 = CARTESIAN_POINT('',(1.135012546027,-1.003466214899));
#2006 = CARTESIAN_POINT('',(1.123343773314,-1.003466214899));
#2007 = CARTESIAN_POINT('',(1.111675000492,-1.003466214899));
#2008 = CARTESIAN_POINT('',(1.100006227635,-1.003466214899));
#2009 = CARTESIAN_POINT('',(1.088337454813,-1.003466214899));
#2010 = CARTESIAN_POINT('',(1.0766686821,-1.003466214899));
#2011 = CARTESIAN_POINT('',(1.052433539214,-1.003466214899));
#2012 = CARTESIAN_POINT('',(1.039867168599,-1.003466214899));
#2013 = CARTESIAN_POINT('',(1.027300797828,-1.003466214899));
#2014 = CARTESIAN_POINT('',(1.014734427005,-1.003466214899));
#2015 = CARTESIAN_POINT('',(1.002168056234,-1.003466214899));
#2016 = CARTESIAN_POINT('',(0.98960168562,-1.003466214899));
#2017 = CARTESIAN_POINT('',(0.966264140575,-1.003466214899));
#2018 = CARTESIAN_POINT('',(0.955492965763,-1.003466214899));
#2019 = CARTESIAN_POINT('',(0.944721790878,-1.003466214899));
#2020 = CARTESIAN_POINT('',(0.933950615969,-1.003466214899));
#2021 = CARTESIAN_POINT('',(0.923179441084,-1.003466214899));
#2022 = CARTESIAN_POINT('',(0.912408266272,-1.003466214899));
#2023 = CARTESIAN_POINT('',(0.772859179766,-1.003466214899));
#2024 = CARTESIAN_POINT('',(0.643994806519,-1.003466214899));
#2025 = CARTESIAN_POINT('',(0.51520263107,-1.003466214899));
#2026 = CARTESIAN_POINT('',(0.386434460511,-1.003466214899));
#2027 = CARTESIAN_POINT('',(0.257642285062,-1.003466214899));
#2028 = CARTESIAN_POINT('',(0.128777911814,-1.003466214899));
#2029 = CARTESIAN_POINT('',(0.,-1.003466214899));
#2030 = ( GEOMETRIC_REPRESENTATION_CONTEXT(2) 
PARAMETRIC_REPRESENTATION_CONTEXT() REPRESENTATION_CONTEXT('2D SPACE',''
  ) );
#2031 = ORIENTED_EDGE('',*,*,#2032,.T.);
#2032 = EDGE_CURVE('',#1509,#2033,#2035,.T.);
#2033 = VERTEX_POINT('',#2034);
#2034 = CARTESIAN_POINT('',(5.083333333333,4.,0.));
#2035 = SURFACE_CURVE('',#2036,(#2040,#2046),.PCURVE_S1.);
#2036 = LINE('',#2037,#2038);
#2037 = CARTESIAN_POINT('',(2.5,4.,0.));
#2038 = VECTOR('',#2039,1.);
#2039 = DIRECTION('',(-1.,0.,0.));
#2040 = PCURVE('',#98,#2041);
#2041 = DEFINITIONAL_REPRESENTATION('',(#2042),#2045);
#2042 = B_SPLINE_CURVE_WITH_KNOTS('',1,(#2043,#2044),.UNSPECIFIED.,.F.,
  .F.,(2,2),(-7.,-2.5),.PIECEWISE_BEZIER_KNOTS.);
#2043 = CARTESIAN_POINT('',(9.5,4.));
#2044 = CARTESIAN_POINT('',(5.,4.));
#2045 = ( GEOMETRIC_REPRESENTATION_CONTEXT(2) 
PARAMETRIC_REPRESENTATION_CONTEXT() REPRESENTATION_CONTEXT('2D SPACE',''
  ) );
#2046 = PCURVE('',#815,#2047);
#2047 = DEFINITIONAL_REPRESENTATION('',(#2048),#2051);
#2048 = B_SPLINE_CURVE_WITH_KNOTS('',1,(#2049,#2050),.UNSPECIFIED.,.F.,
  .F.,(2,2),(-7.,-2.5),.PIECEWISE_BEZIER_KNOTS.);
#2049 = CARTESIAN_POINT('',(4.5,-1.));
#2050 = CARTESIAN_POINT('',(0.,-1.));
#2051 = ( GEOMETRIC_REPRESENTATION_CONTEXT(2) 
PARAMETRIC_REPRESENTATION_CONTEXT() REPRESENTATION_CONTEXT('2D SPACE',''
  ) );
#2052 = ORIENTED_EDGE('',*,*,#2053,.T.);
#2053 = EDGE_CURVE('',#2033,#2054,#2056,.T.);
#2054 = VERTEX_POINT('',#2055);
#2055 = CARTESIAN_POINT('',(5.083333333333,6.,0.));
#2056 = SURFACE_CURVE('',#2057,(#2222,#2390),.PCURVE_S1.);
#2057 = B_SPLINE_CURVE_WITH_KNOTS('',7,(#2058,#2059,#2060,#2061,#2062,
    #2063,#2064,#2065,#2066,#2067,#2068,#2069,#2070,#2071,#2072,#2073,
    #2074,#2075,#2076,#2077,#2078,#2079,#2080,#2081,#2082,#2083,#2084,
    #2085,#2086,#2087,#2088,#2089,#2090,#2091,#2092,#2093,#2094,#2095,
    #2096,#2097,#2098,#2099,#2100,#2101,#2102,#2103,#2104,#2105,#2106,
    #2107,#2108,#2109,#2110,#2111,#2112,#2113,#2114,#2115,#2116,#2117,
    #2118,#2119,#2120,#2121,#2122,#2123,#2124,#2125,#2126,#2127,#2128,
    #2129,#2130,#2131,#2132,#2133,#2134,#2135,#2136,#2137,#2138,#2139,
    #2140,#2141,#2142,#2143,#2144,#2145,#2146,#2147,#2148,#2149,#2150,
    #2151,#2152,#2153,#2154,#2155,#2156,#2157,#2158,#2159,#2160,#2161,
    #2162,#2163,#2164,#2165,#2166,#2167,#2168,#2169,#2170,#2171,#2172,
    #2173,#2174,#2175,#2176,#2177,#2178,#2179,#2180,#2181,#2182,#2183,
    #2184,#2185,#2186,#2187,#2188,#2189,#2190,#2191,#2192,#2193,#2194,
    #2195,#2196,#2197,#2198,#2199,#2200,#2201,#2202,#2203,#2204,#2205,
    #2206,#2207,#2208,#2209,#2210,#2211,#2212,#2213,#2214,#2215,#2216,
    #2217,#2218,#2219,#2220,#2221),.UNSPECIFIED.,.F.,.F.,(8,6,6,6,6,6,6,
    6,6,6,6,6,6,6,6,6,6,6,6,6,6,6,6,6,6,6,6,8),(0.,2.900202225831E-02,
    5.400376585196E-02,8.400585773917E-02,0.124008644558,0.152010597171,
    0.181012619429,0.209014572042,0.2300160368,0.251017501558,
    0.279019454171,0.310021615669,0.336023428948,0.365025451206,
    0.388027055399,0.417029077657,0.438030542415,0.456031797976,
    0.485033820235,0.513035772847,0.542037795106,0.565039399298,
    0.594041421556,0.623043443815,0.645044978293,0.673046930906,
    0.705049161995,1.),.UNSPECIFIED.);
#2058 = CARTESIAN_POINT('',(5.083333333333,4.,0.));
#2059 = CARTESIAN_POINT('',(5.07031816408,4.,0.));
#2060 = CARTESIAN_POINT('',(5.05730299327,4.000197627115,0.));
#2061 = CARTESIAN_POINT('',(5.044291425026,4.000592881261,0.));
#2062 = CARTESIAN_POINT('',(5.031287059736,4.001185680422,0.));
#2063 = CARTESIAN_POINT('',(5.01829349405,4.001975860644,0.));
#2064 = CARTESIAN_POINT('',(5.005314320888,4.002963176042,0.));
#2065 = CARTESIAN_POINT('',(4.981179688398,4.005168094282,0.));
#2066 = CARTESIAN_POINT('',(4.970019608812,4.006335149855,0.));
#2067 = CARTESIAN_POINT('',(4.95887518959,4.007648255451,0.));
#2068 = CARTESIAN_POINT('',(4.947748723764,4.009107156095,0.));
#2069 = CARTESIAN_POINT('',(4.936642498474,4.010711551898,0.));
#2070 = CARTESIAN_POINT('',(4.925558794972,4.012461098056,0.));
#2071 = CARTESIAN_POINT('',(4.901229201187,4.016628572973,0.));
#2072 = CARTESIAN_POINT('',(4.887994218787,4.019110196926,0.));
#2073 = CARTESIAN_POINT('',(4.87479887433,4.021799602929,0.));
#2074 = CARTESIAN_POINT('',(4.861647080523,4.024696025469,0.));
#2075 = CARTESIAN_POINT('',(4.848542729871,4.027798607297,0.));
#2076 = CARTESIAN_POINT('',(4.835489694678,4.031106399435,0.));
#2077 = CARTESIAN_POINT('',(4.805161337888,4.039300976533,0.));
#2078 = CARTESIAN_POINT('',(4.787928913777,4.044346563112,0.));
#2079 = CARTESIAN_POINT('',(4.770803691959,4.04975265147,0.));
#2080 = CARTESIAN_POINT('',(4.753794714403,4.055516491007,0.));
#2081 = CARTESIAN_POINT('',(4.736910927799,4.061635049954,0.));
#2082 = CARTESIAN_POINT('',(4.720161183558,4.068105015375,0.));
#2083 = CARTESIAN_POINT('',(4.691929375025,4.079695237932,0.));
#2084 = CARTESIAN_POINT('',(4.680374478738,4.084638112615,0.));
#2085 = CARTESIAN_POINT('',(4.668892549691,4.089750185225,0.));
#2086 = CARTESIAN_POINT('',(4.657486558682,4.095030159086,0.));
#2087 = CARTESIAN_POINT('',(4.646159446565,4.100476672842,0.));
#2088 = CARTESIAN_POINT('',(4.634914124252,4.106088300451,0.));
#2089 = CARTESIAN_POINT('',(4.61219422651,4.117845060858,0.));
#2090 = CARTESIAN_POINT('',(4.600725804368,4.124002091089,0.));
#2091 = CARTESIAN_POINT('',(4.5893514072,4.130332985422,0.));
#2092 = CARTESIAN_POINT('',(4.578074194948,4.136836016351,0.));
#2093 = CARTESIAN_POINT('',(4.566897286579,4.143509385315,0.));
#2094 = CARTESIAN_POINT('',(4.555823760091,4.150351222699,0.));
#2095 = CARTESIAN_POINT('',(4.534267721013,4.164126285237,0.));
#2096 = CARTESIAN_POINT('',(4.523777993402,4.17104822521,0.));
#2097 = CARTESIAN_POINT('',(4.513390202995,4.17812366099,0.));
#2098 = CARTESIAN_POINT('',(4.503107042129,4.185350787492,0.));
#2099 = CARTESIAN_POINT('',(4.492931162154,4.192727741317,0.));
#2100 = CARTESIAN_POINT('',(4.482865173435,4.200252600747,0.));
#2101 = CARTESIAN_POINT('',(4.465446499184,4.213676474584,0.));
#2102 = CARTESIAN_POINT('',(4.458044611289,4.219511647181,0.));
#2103 = CARTESIAN_POINT('',(4.45070706522,4.225428068476,0.));
#2104 = CARTESIAN_POINT('',(4.443434930177,4.231424886007,0.));
#2105 = CARTESIAN_POINT('',(4.436229261015,4.237501229908,0.));
#2106 = CARTESIAN_POINT('',(4.42909109824,4.243656212917,0.));
#2107 = CARTESIAN_POINT('',(4.414951837779,4.256121647822,0.));
#2108 = CARTESIAN_POINT('',(4.407950739628,4.262432100128,0.));
#2109 = CARTESIAN_POINT('',(4.401019199697,4.268819382607,0.));
#2110 = CARTESIAN_POINT('',(4.394158228664,4.275282574161,0.));
#2111 = CARTESIAN_POINT('',(4.387368821742,4.281820737276,0.));
#2112 = CARTESIAN_POINT('',(4.380651958679,4.288432918023,0.));
#2113 = CARTESIAN_POINT('',(4.365150797329,4.30403178331,0.));
#2114 = CARTESIAN_POINT('',(4.356423670748,4.313075283737,0.));
#2115 = CARTESIAN_POINT('',(4.347829510466,4.322246346383,0.));
#2116 = CARTESIAN_POINT('',(4.339370550212,4.33154262232,0.));
#2117 = CARTESIAN_POINT('',(4.331048970995,4.340961714652,0.));
#2118 = CARTESIAN_POINT('',(4.322866901106,4.350501178508,0.));
#2119 = CARTESIAN_POINT('',(4.30592445068,4.37085057875,0.));
#2120 = CARTESIAN_POINT('',(4.297196032702,4.381687130964,0.));
#2121 = CARTESIAN_POINT('',(4.288643979275,4.392664793911,0.));
#2122 = CARTESIAN_POINT('',(4.280271021956,4.403780119374,0.));
#2123 = CARTESIAN_POINT('',(4.272079806756,4.415029594701,0.));
#2124 = CARTESIAN_POINT('',(4.264072894147,4.426409642802,0.));
#2125 = CARTESIAN_POINT('',(4.249693935978,4.447567637236,0.));
#2126 = CARTESIAN_POINT('',(4.24326649716,4.457307942066,0.));
#2127 = CARTESIAN_POINT('',(4.236971902232,4.467135388785,0.));
#2128 = CARTESIAN_POINT('',(4.230811565813,4.477047801567,0.));
#2129 = CARTESIAN_POINT('',(4.224786857514,4.487042976614,0.));
#2130 = CARTESIAN_POINT('',(4.218899101933,4.497118682156,0.));
#2131 = CARTESIAN_POINT('',(4.206736648918,4.518598247301,0.));
#2132 = CARTESIAN_POINT('',(4.200495690309,4.530021213786,0.));
#2133 = CARTESIAN_POINT('',(4.194428478617,4.541538421619,0.));
#2134 = CARTESIAN_POINT('',(4.188536716478,4.553146697389,0.));
#2135 = CARTESIAN_POINT('',(4.182822033393,4.564842830564,0.));
#2136 = CARTESIAN_POINT('',(4.177285985725,4.576623573491,0.));
#2137 = CARTESIAN_POINT('',(4.167682250856,4.597893488489,0.));
#2138 = CARTESIAN_POINT('',(4.163547741379,4.607352491389,0.));
#2139 = CARTESIAN_POINT('',(4.159527267911,4.61686101191,0.));
#2140 = CARTESIAN_POINT('',(4.15562154006,4.626417399592,0.));
#2141 = CARTESIAN_POINT('',(4.151831237393,4.636019991695,0.));
#2142 = CARTESIAN_POINT('',(4.148157009437,4.645667113204,0.));
#2143 = CARTESIAN_POINT('',(4.140113889702,4.667574856867,0.));
#2144 = CARTESIAN_POINT('',(4.135813822453,4.679860749156,0.));
#2145 = CARTESIAN_POINT('',(4.131700515988,4.692211370352,0.));
#2146 = CARTESIAN_POINT('',(4.127775134163,4.704623312383,0.));
#2147 = CARTESIAN_POINT('',(4.124038762631,4.717093142445,0.));
#2148 = CARTESIAN_POINT('',(4.120492408844,4.729617403002,0.));
#2149 = CARTESIAN_POINT('',(4.114707224677,4.751298797615,0.));
#2150 = CARTESIAN_POINT('',(4.112377574971,4.760431700542,0.));
#2151 = CARTESIAN_POINT('',(4.110148405602,4.769589998812,0.));
#2152 = CARTESIAN_POINT('',(4.108020047267,4.778772365575,0.));
#2153 = CARTESIAN_POINT('',(4.105992808693,4.78797746889,0.));
#2154 = CARTESIAN_POINT('',(4.104066976639,4.797203971724,0.));
#2155 = CARTESIAN_POINT('',(4.100679249529,4.814376155023,0.));
#2156 = CARTESIAN_POINT('',(4.099190380381,4.822316514505,0.));
#2157 = CARTESIAN_POINT('',(4.097776375158,4.830270765305,0.));
#2158 = CARTESIAN_POINT('',(4.096437388571,4.838238060318,0.));
#2159 = CARTESIAN_POINT('',(4.095173563323,4.846217550421,0.));
#2160 = CARTESIAN_POINT('',(4.093985030114,4.854208384473,0.));
#2161 = CARTESIAN_POINT('',(4.091078543682,4.87510073241,0.));
#2162 = CARTESIAN_POINT('',(4.089480921547,4.888018988143,0.));
#2163 = CARTESIAN_POINT('',(4.088079537761,4.90096090676,0.));
#2164 = CARTESIAN_POINT('',(4.086874807189,4.913922910915,0.));
#2165 = CARTESIAN_POINT('',(4.085867063026,4.926901415671,0.));
#2166 = CARTESIAN_POINT('',(4.0850565568,4.939892828502,0.));
#2167 = CARTESIAN_POINT('',(4.083851501266,4.965445969401,0.));
#2168 = CARTESIAN_POINT('',(4.083443572222,4.978007069362,0.));
#2169 = CARTESIAN_POINT('',(4.083219823977,4.990573608971,0.));
#2170 = CARTESIAN_POINT('',(4.08318033799,5.003142347799,0.));
#2171 = CARTESIAN_POINT('',(4.08332512444,5.015710045197,0.));
#2172 = CARTESIAN_POINT('',(4.083654122233,5.02827346029,0.));
#2173 = CARTESIAN_POINT('',(4.084698599917,5.053833668329,0.));
#2174 = CARTESIAN_POINT('',(4.085427463228,5.066829917248,0.));
#2175 = CARTESIAN_POINT('',(4.086353641685,5.079814497621,0.));
#2176 = CARTESIAN_POINT('',(4.087476906338,5.092783815413,0.));
#2177 = CARTESIAN_POINT('',(4.088796946523,5.105734283663,0.));
#2178 = CARTESIAN_POINT('',(4.090313369862,5.118662322491,0.));
#2179 = CARTESIAN_POINT('',(4.093383759016,5.141797008958,0.));
#2180 = CARTESIAN_POINT('',(4.094865045309,5.152013304539,0.));
#2181 = CARTESIAN_POINT('',(4.096469324648,5.16221146404,0.));
#2182 = CARTESIAN_POINT('',(4.09819632854,5.172389711096,0.));
#2183 = CARTESIAN_POINT('',(4.1000457565,5.182546274768,0.));
#2184 = CARTESIAN_POINT('',(4.102017276049,5.192679389548,0.));
#2185 = CARTESIAN_POINT('',(4.106749833683,5.215532045974,0.));
#2186 = CARTESIAN_POINT('',(4.109582665949,5.228236721847,0.));
#2187 = CARTESIAN_POINT('',(4.112608288558,5.240897793754,0.));
#2188 = CARTESIAN_POINT('',(4.115825891083,5.253511752745,0.));
#2189 = CARTESIAN_POINT('',(4.119234583624,5.266075110145,0.));
#2190 = CARTESIAN_POINT('',(4.122833396804,5.27858439755,0.));
#2191 = CARTESIAN_POINT('',(4.130409166745,5.303487936106,0.));
#2192 = CARTESIAN_POINT('',(4.13438612441,5.315882190235,0.));
#2193 = CARTESIAN_POINT('',(4.138551105761,5.328215481132,0.));
#2194 = CARTESIAN_POINT('',(4.142902984489,5.340484388133,0.));
#2195 = CARTESIAN_POINT('',(4.147440556981,5.352685517994,0.));
#2196 = CARTESIAN_POINT('',(4.152162542327,5.364815504889,0.));
#2197 = CARTESIAN_POINT('',(4.160788647192,5.386016566473,0.));
#2198 = CARTESIAN_POINT('',(4.164615061467,5.395119259302,0.));
#2199 = CARTESIAN_POINT('',(4.168546232326,5.404177631939,0.));
#2200 = CARTESIAN_POINT('',(4.172581542164,5.413190238522,0.));
#2201 = CARTESIAN_POINT('',(4.176720348578,5.422155644291,0.));
#2202 = CARTESIAN_POINT('',(4.180961984377,5.431072425588,0.));
#2203 = CARTESIAN_POINT('',(4.190834196114,5.45122411696,0.));
#2204 = CARTESIAN_POINT('',(4.196528081225,5.46242801408,0.));
#2205 = CARTESIAN_POINT('',(4.20238598577,5.473547948223,0.));
#2206 = CARTESIAN_POINT('',(4.208406420045,5.484581040538,0.));
#2207 = CARTESIAN_POINT('',(4.214587831776,5.495524446316,0.));
#2208 = CARTESIAN_POINT('',(4.220928606119,5.506375354991,0.));
#2209 = CARTESIAN_POINT('',(4.23485387646,5.529423144412,0.));
#2210 = CARTESIAN_POINT('',(4.242486645658,5.541590863417,0.));
#2211 = CARTESIAN_POINT('',(4.250322868535,5.553630001861,0.));
#2212 = CARTESIAN_POINT('',(4.258359939579,5.565536482486,0.));
#2213 = CARTESIAN_POINT('',(4.266595152497,5.577306296063,0.));
#2214 = CARTESIAN_POINT('',(4.275025700208,5.588935501398,0.));
#2215 = CARTESIAN_POINT('',(4.363122933644,5.706269999908,0.));
#2216 = CARTESIAN_POINT('',(4.459002724709,5.799926079072,0.));
#2217 = CARTESIAN_POINT('',(4.568946955636,5.878181253751,0.));
#2218 = CARTESIAN_POINT('',(4.689913242139,5.938624681033,0.));
#2219 = CARTESIAN_POINT('',(4.818505444683,5.979559406181,0.));
#2220 = CARTESIAN_POINT('',(4.950968940121,6.,0.));
#2221 = CARTESIAN_POINT('',(5.083333333333,6.,0.));
#2222 = PCURVE('',#98,#2223);
#2223 = DEFINITIONAL_REPRESENTATION('',(#2224),#2389);
#2224 = B_SPLINE_CURVE_WITH_KNOTS('',7,(#2225,#2226,#2227,#2228,#2229,
    #2230,#2231,#2232,#2233,#2234,#2235,#2236,#2237,#2238,#2239,#2240,
    #2241,#2242,#2243,#2244,#2245,#2246,#2247,#2248,#2249,#2250,#2251,
    #2252,#2253,#2254,#2255,#2256,#2257,#2258,#2259,#2260,#2261,#2262,
    #2263,#2264,#2265,#2266,#2267,#2268,#2269,#2270,#2271,#2272,#2273,
    #2274,#2275,#2276,#2277,#2278,#2279,#2280,#2281,#2282,#2283,#2284,
    #2285,#2286,#2287,#2288,#2289,#2290,#2291,#2292,#2293,#2294,#2295,
    #2296,#2297,#2298,#2299,#2300,#2301,#2302,#2303,#2304,#2305,#2306,
    #2307,#2308,#2309,#2310,#2311,#2312,#2313,#2314,#2315,#2316,#2317,
    #2318,#2319,#2320,#2321,#2322,#2323,#2324,#2325,#2326,#2327,#2328,
    #2329,#2330,#2331,#2332,#2333,#2334,#2335,#2336,#2337,#2338,#2339,
    #2340,#2341,#2342,#2343,#2344,#2345,#2346,#2347,#2348,#2349,#2350,
    #2351,#2352,#2353,#2354,#2355,#2356,#2357,#2358,#2359,#2360,#2361,
    #2362,#2363,#2364,#2365,#2366,#2367,#2368,#2369,#2370,#2371,#2372,
    #2373,#2374,#2375,#2376,#2377,#2378,#2379,#2380,#2381,#2382,#2383,
    #2384,#2385,#2386,#2387,#2388),.UNSPECIFIED.,.F.,.F.,(8,6,6,6,6,6,6,
    6,6,6,6,6,6,6,6,6,6,6,6,6,6,6,6,6,6,6,6,8),(0.,2.900202225831E-02,
    5.400376585196E-02,8.400585773917E-02,0.124008644558,0.152010597171,
    0.181012619429,0.209014572042,0.2300160368,0.251017501558,
    0.279019454171,0.310021615669,0.336023428948,0.365025451206,
    0.388027055399,0.417029077657,0.438030542415,0.456031797976,
    0.485033820235,0.513035772847,0.542037795106,0.565039399298,
    0.594041421556,0.623043443815,0.645044978293,0.673046930906,
    0.705049161995,1.),.UNSPECIFIED.);
#2225 = CARTESIAN_POINT('',(5.083333333333,4.));
#2226 = CARTESIAN_POINT('',(5.07031816408,4.));
#2227 = CARTESIAN_POINT('',(5.05730299327,4.000197627115));
#2228 = CARTESIAN_POINT('',(5.044291425026,4.000592881261));
#2229 = CARTESIAN_POINT('',(5.031287059736,4.001185680422));
#2230 = CARTESIAN_POINT('',(5.01829349405,4.001975860644));
#2231 = CARTESIAN_POINT('',(5.005314320888,4.002963176042));
#2232 = CARTESIAN_POINT('',(4.981179688398,4.005168094282));
#2233 = CARTESIAN_POINT('',(4.970019608812,4.006335149855));
#2234 = CARTESIAN_POINT('',(4.95887518959,4.007648255451));
#2235 = CARTESIAN_POINT('',(4.947748723764,4.009107156095));
#2236 = CARTESIAN_POINT('',(4.936642498474,4.010711551898));
#2237 = CARTESIAN_POINT('',(4.925558794972,4.012461098056));
#2238 = CARTESIAN_POINT('',(4.901229201187,4.016628572973));
#2239 = CARTESIAN_POINT('',(4.887994218787,4.019110196926));
#2240 = CARTESIAN_POINT('',(4.87479887433,4.021799602929));
#2241 = CARTESIAN_POINT('',(4.861647080523,4.024696025469));
#2242 = CARTESIAN_POINT('',(4.848542729871,4.027798607297));
#2243 = CARTESIAN_POINT('',(4.835489694678,4.031106399435));
#2244 = CARTESIAN_POINT('',(4.805161337888,4.039300976533));
#2245 = CARTESIAN_POINT('',(4.787928913777,4.044346563112));
#2246 = CARTESIAN_POINT('',(4.770803691959,4.04975265147));
#2247 = CARTESIAN_POINT('',(4.753794714403,4.055516491007));
#2248 = CARTESIAN_POINT('',(4.736910927799,4.061635049954));
#2249 = CARTESIAN_POINT('',(4.720161183558,4.068105015375));
#2250 = CARTESIAN_POINT('',(4.691929375025,4.079695237932));
#2251 = CARTESIAN_POINT('',(4.680374478738,4.084638112615));
#2252 = CARTESIAN_POINT('',(4.668892549691,4.089750185225));
#2253 = CARTESIAN_POINT('',(4.657486558682,4.095030159086));
#2254 = CARTESIAN_POINT('',(4.646159446565,4.100476672842));
#2255 = CARTESIAN_POINT('',(4.634914124252,4.106088300451));
#2256 = CARTESIAN_POINT('',(4.61219422651,4.117845060858));
#2257 = CARTESIAN_POINT('',(4.600725804368,4.124002091089));
#2258 = CARTESIAN_POINT('',(4.5893514072,4.130332985422));
#2259 = CARTESIAN_POINT('',(4.578074194948,4.136836016351));
#2260 = CARTESIAN_POINT('',(4.566897286579,4.143509385315));
#2261 = CARTESIAN_POINT('',(4.555823760091,4.150351222699));
#2262 = CARTESIAN_POINT('',(4.534267721013,4.164126285237));
#2263 = CARTESIAN_POINT('',(4.523777993402,4.17104822521));
#2264 = CARTESIAN_POINT('',(4.513390202995,4.17812366099));
#2265 = CARTESIAN_POINT('',(4.503107042129,4.185350787492));
#2266 = CARTESIAN_POINT('',(4.492931162154,4.192727741317));
#2267 = CARTESIAN_POINT('',(4.482865173435,4.200252600747));
#2268 = CARTESIAN_POINT('',(4.465446499184,4.213676474584));
#2269 = CARTESIAN_POINT('',(4.458044611289,4.219511647181));
#2270 = CARTESIAN_POINT('',(4.45070706522,4.225428068476));
#2271 = CARTESIAN_POINT('',(4.443434930177,4.231424886007));
#2272 = CARTESIAN_POINT('',(4.436229261015,4.237501229908));
#2273 = CARTESIAN_POINT('',(4.42909109824,4.243656212917));
#2274 = CARTESIAN_POINT('',(4.414951837779,4.256121647822));
#2275 = CARTESIAN_POINT('',(4.407950739628,4.262432100128));
#2276 = CARTESIAN_POINT('',(4.401019199697,4.268819382607));
#2277 = CARTESIAN_POINT('',(4.394158228664,4.275282574161));
#2278 = CARTESIAN_POINT('',(4.387368821742,4.281820737276));
#2279 = CARTESIAN_POINT('',(4.380651958679,4.288432918023));
#2280 = CARTESIAN_POINT('',(4.365150797329,4.30403178331));
#2281 = CARTESIAN_POINT('',(4.356423670748,4.313075283737));
#2282 = CARTESIAN_POINT('',(4.347829510466,4.322246346383));
#2283 = CARTESIAN_POINT('',(4.339370550212,4.33154262232));
#2284 = CARTESIAN_POINT('',(4.331048970995,4.340961714652));
#2285 = CARTESIAN_POINT('',(4.322866901106,4.350501178508));
#2286 = CARTESIAN_POINT('',(4.30592445068,4.37085057875));
#2287 = CARTESIAN_POINT('',(4.297196032702,4.381687130964));
#2288 = CARTESIAN_POINT('',(4.288643979275,4.392664793911));
#2289 = CARTESIAN_POINT('',(4.280271021956,4.403780119374));
#2290 = CARTESIAN_POINT('',(4.272079806756,4.415029594701));
#2291 = CARTESIAN_POINT('',(4.264072894147,4.426409642802));
#2292 = CARTESIAN_POINT('',(4.249693935978,4.447567637236));
#2293 = CARTESIAN_POINT('',(4.24326649716,4.457307942066));
#2294 = CARTESIAN_POINT('',(4.236971902232,4.467135388785));
#2295 = CARTESIAN_POINT('',(4.230811565813,4.477047801567));
#2296 = CARTESIAN_POINT('',(4.224786857514,4.487042976614));
#2297 = CARTESIAN_POINT('',(4.218899101933,4.497118682156));
#2298 = CARTESIAN_POINT('',(4.206736648918,4.518598247301));
#2299 = CARTESIAN_POINT('',(4.200495690309,4.530021213786));
#2300 = CARTESIAN_POINT('',(4.194428478617,4.541538421619));
#2301 = CARTESIAN_POINT('',(4.188536716478,4.553146697389));
#2302 = CARTESIAN_POINT('',(4.182822033393,4.564842830564));
#2303 = CARTESIAN_POINT('',(4.177285985725,4.576623573491));
#2304 = CARTESIAN_POINT('',(4.167682250856,4.597893488489));
#2305 = CARTESIAN_POINT('',(4.163547741379,4.607352491389));
#2306 = CARTESIAN_POINT('',(4.159527267911,4.61686101191));
#2307 = CARTESIAN_POINT('',(4.15562154006,4.626417399592));
#2308 = CARTESIAN_POINT('',(4.151831237393,4.636019991695));
#2309 = CARTESIAN_POINT('',(4.148157009437,4.645667113204));
#2310 = CARTESIAN_POINT('',(4.140113889702,4.667574856867));
#2311 = CARTESIAN_POINT('',(4.135813822453,4.679860749156));
#2312 = CARTESIAN_POINT('',(4.131700515988,4.692211370352));
#2313 = CARTESIAN_POINT('',(4.127775134163,4.704623312383));
#2314 = CARTESIAN_POINT('',(4.124038762631,4.717093142445));
#2315 = CARTESIAN_POINT('',(4.120492408844,4.729617403002));
#2316 = CARTESIAN_POINT('',(4.114707224677,4.751298797615));
#2317 = CARTESIAN_POINT('',(4.112377574971,4.760431700542));
#2318 = CARTESIAN_POINT('',(4.110148405602,4.769589998812));
#2319 = CARTESIAN_POINT('',(4.108020047267,4.778772365575));
#2320 = CARTESIAN_POINT('',(4.105992808693,4.78797746889));
#2321 = CARTESIAN_POINT('',(4.104066976639,4.797203971724));
#2322 = CARTESIAN_POINT('',(4.100679249529,4.814376155023));
#2323 = CARTESIAN_POINT('',(4.099190380381,4.822316514505));
#2324 = CARTESIAN_POINT('',(4.097776375158,4.830270765305));
#2325 = CARTESIAN_POINT('',(4.096437388571,4.838238060318));
#2326 = CARTESIAN_POINT('',(4.095173563323,4.846217550421));
#2327 = CARTESIAN_POINT('',(4.093985030114,4.854208384473));
#2328 = CARTESIAN_POINT('',(4.091078543682,4.87510073241));
#2329 = CARTESIAN_POINT('',(4.089480921547,4.888018988143));
#2330 = CARTESIAN_POINT('',(4.088079537761,4.90096090676));
#2331 = CARTESIAN_POINT('',(4.086874807189,4.913922910915));
#2332 = CARTESIAN_POINT('',(4.085867063026,4.926901415671));
#2333 = CARTESIAN_POINT('',(4.0850565568,4.939892828502));
#2334 = CARTESIAN_POINT('',(4.083851501266,4.965445969401));
#2335 = CARTESIAN_POINT('',(4.083443572222,4.978007069362));
#2336 = CARTESIAN_POINT('',(4.083219823977,4.990573608971));
#2337 = CARTESIAN_POINT('',(4.08318033799,5.003142347799));
#2338 = CARTESIAN_POINT('',(4.08332512444,5.015710045197));
#2339 = CARTESIAN_POINT('',(4.083654122233,5.02827346029));
#2340 = CARTESIAN_POINT('',(4.084698599917,5.053833668329));
#2341 = CARTESIAN_POINT('',(4.085427463228,5.066829917248));
#2342 = CARTESIAN_POINT('',(4.086353641685,5.079814497621));
#2343 = CARTESIAN_POINT('',(4.087476906338,5.092783815413));
#2344 = CARTESIAN_POINT('',(4.088796946523,5.105734283663));
#2345 = CARTESIAN_POINT('',(4.090313369862,5.118662322491));
#2346 = CARTESIAN_POINT('',(4.093383759016,5.141797008958));
#2347 = CARTESIAN_POINT('',(4.094865045309,5.152013304539));
#2348 = CARTESIAN_POINT('',(4.096469324648,5.16221146404));
#2349 = CARTESIAN_POINT('',(4.09819632854,5.172389711096));
#2350 = CARTESIAN_POINT('',(4.1000457565,5.182546274768));
#2351 = CARTESIAN_POINT('',(4.102017276049,5.192679389548));
#2352 = CARTESIAN_POINT('',(4.106749833683,5.215532045974));
#2353 = CARTESIAN_POINT('',(4.109582665949,5.228236721847));
#2354 = CARTESIAN_POINT('',(4.112608288558,5.240897793754));
#2355 = CARTESIAN_POINT('',(4.115825891083,5.253511752745));
#2356 = CARTESIAN_POINT('',(4.119234583624,5.266075110145));
#2357 = CARTESIAN_POINT('',(4.122833396804,5.27858439755));
#2358 = CARTESIAN_POINT('',(4.130409166745,5.303487936106));
#2359 = CARTESIAN_POINT('',(4.13438612441,5.315882190235));
#2360 = CARTESIAN_POINT('',(4.138551105761,5.328215481132));
#2361 = CARTESIAN_POINT('',(4.142902984489,5.340484388133));
#2362 = CARTESIAN_POINT('',(4.147440556981,5.352685517994));
#2363 = CARTESIAN_POINT('',(4.152162542327,5.364815504889));
#2364 = CARTESIAN_POINT('',(4.160788647192,5.386016566473));
#2365 = CARTESIAN_POINT('',(4.164615061467,5.395119259302));
#2366 = CARTESIAN_POINT('',(4.168546232326,5.404177631939));
#2367 = CARTESIAN_POINT('',(4.172581542164,5.413190238522));
#2368 = CARTESIAN_POINT('',(4.176720348578,5.422155644291));
#2369 = CARTESIAN_POINT('',(4.180961984377,5.431072425588));
#2370 = CARTESIAN_POINT('',(4.190834196114,5.45122411696));
#2371 = CARTESIAN_POINT('',(4.196528081225,5.46242801408));
#2372 = CARTESIAN_POINT('',(4.20238598577,5.473547948223));
#2373 = CARTESIAN_POINT('',(4.208406420045,5.484581040538));
#2374 = CARTESIAN_POINT('',(4.214587831776,5.495524446316));
#2375 = CARTESIAN_POINT('',(4.220928606119,5.506375354991));
#2376 = CARTESIAN_POINT('',(4.23485387646,5.529423144412));
#2377 = CARTESIAN_POINT('',(4.242486645658,5.541590863417));
#2378 = CARTESIAN_POINT('',(4.250322868535,5.553630001861));
#2379 = CARTESIAN_POINT('',(4.258359939579,5.565536482486));
#2380 = CARTESIAN_POINT('',(4.266595152497,5.577306296063));
#2381 = CARTESIAN_POINT('',(4.275025700208,5.588935501398));
#2382 = CARTESIAN_POINT('',(4.363122933644,5.706269999908));
#2383 = CARTESIAN_POINT('',(4.459002724709,5.799926079072));
#2384 = CARTESIAN_POINT('',(4.568946955636,5.878181253751));
#2385 = CARTESIAN_POINT('',(4.689913242139,5.938624681033));
#2386 = CARTESIAN_POINT('',(4.818505444683,5.979559406181));
#2387 = CARTESIAN_POINT('',(4.950968940121,6.));
#2388 = CARTESIAN_POINT('',(5.083333333333,6.));
#2389 = ( GEOMETRIC_REPRESENTATION_CONTEXT(2) 
PARAMETRIC_REPRESENTATION_CONTEXT() REPRESENTATION_CONTEXT('2D SPACE',''
  ) );
#2390 = PCURVE('',#1164,#2391);
#2391 = DEFINITIONAL_REPRESENTATION('',(#2392),#2557);
#2392 = B_SPLINE_CURVE_WITH_KNOTS('',7,(#2393,#2394,#2395,#2396,#2397,
    #2398,#2399,#2400,#2401,#2402,#2403,#2404,#2405,#2406,#2407,#2408,
    #2409,#2410,#2411,#2412,#2413,#2414,#2415,#2416,#2417,#2418,#2419,
    #2420,#2421,#2422,#2423,#2424,#2425,#2426,#2427,#2428,#2429,#2430,
    #2431,#2432,#2433,#2434,#2435,#2436,#2437,#2438,#2439,#2440,#2441,
    #2442,#2443,#2444,#2445,#2446,#2447,#2448,#2449,#2450,#2451,#2452,
    #2453,#2454,#2455,#2456,#2457,#2458,#2459,#2460,#2461,#2462,#2463,
    #2464,#2465,#2466,#2467,#2468,#2469,#2470,#2471,#2472,#2473,#2474,
    #2475,#2476,#2477,#2478,#2479,#2480,#2481,#2482,#2483,#2484,#2485,
    #2486,#2487,#2488,#2489,#2490,#2491,#2492,#2493,#2494,#2495,#2496,
    #2497,#2498,#2499,#2500,#2501,#2502,#2503,#2504,#2505,#2506,#2507,
    #2508,#2509,#2510,#2511,#2512,#2513,#2514,#2515,#2516,#2517,#2518,
    #2519,#2520,#2521,#2522,#2523,#2524,#2525,#2526,#2527,#2528,#2529,
    #2530,#2531,#2532,#2533,#2534,#2535,#2536,#2537,#2538,#2539,#2540,
    #2541,#2542,#2543,#2544,#2545,#2546,#2547,#2548,#2549,#2550,#2551,
    #2552,#2553,#2554,#2555,#2556),.UNSPECIFIED.,.F.,.F.,(8,6,6,6,6,6,6,
    6,6,6,6,6,6,6,6,6,6,6,6,6,6,6,6,6,6,6,6,8),(0.,2.900202225831E-02,
    5.400376585196E-02,8.400585773917E-02,0.124008644558,0.152010597171,
    0.181012619429,0.209014572042,0.2300160368,0.251017501558,
    0.279019454171,0.310021615669,0.336023428948,0.365025451206,
    0.388027055399,0.417029077657,0.438030542415,0.456031797976,
    0.485033820235,0.513035772847,0.542037795106,0.565039399298,
    0.594041421556,0.623043443815,0.645044978293,0.673046930906,
    0.705049161995,1.),.UNSPECIFIED.);
#2393 = CARTESIAN_POINT('',(3.14159265359,-1.003466214899));
#2394 = CARTESIAN_POINT('',(3.128577484336,-1.003466214899));
#2395 = CARTESIAN_POINT('',(3.115562314771,-1.003466214899));
#2396 = CARTESIAN_POINT('',(3.10254714502,-1.003466214899));
#2397 = CARTESIAN_POINT('',(3.089531975206,-1.003466214899));
#2398 = CARTESIAN_POINT('',(3.076516805454,-1.003466214899));
#2399 = CARTESIAN_POINT('',(3.063501635889,-1.003466214899));
#2400 = CARTESIAN_POINT('',(3.039266493021,-1.003466214899));
#2401 = CARTESIAN_POINT('',(3.028046519258,-1.003466214899));
#2402 = CARTESIAN_POINT('',(3.016826545407,-1.003466214899));
#2403 = CARTESIAN_POINT('',(3.005606571525,-1.003466214899));
#2404 = CARTESIAN_POINT('',(2.994386597673,-1.003466214899));
#2405 = CARTESIAN_POINT('',(2.983166623911,-1.003466214899));
#2406 = CARTESIAN_POINT('',(2.958482682149,-1.003466214899));
#2407 = CARTESIAN_POINT('',(2.945018713634,-1.003466214899));
#2408 = CARTESIAN_POINT('',(2.931554744897,-1.003466214899));
#2409 = CARTESIAN_POINT('',(2.918090776087,-1.003466214899));
#2410 = CARTESIAN_POINT('',(2.90462680735,-1.003466214899));
#2411 = CARTESIAN_POINT('',(2.891162838835,-1.003466214899));
#2412 = CARTESIAN_POINT('',(2.85974691422,-1.003466214899));
#2413 = CARTESIAN_POINT('',(2.8417949562,-1.003466214899));
#2414 = CARTESIAN_POINT('',(2.823842997248,-1.003466214899));
#2415 = CARTESIAN_POINT('',(2.805891037985,-1.003466214899));
#2416 = CARTESIAN_POINT('',(2.787939079033,-1.003466214899));
#2417 = CARTESIAN_POINT('',(2.769987121013,-1.003466214899));
#2418 = CARTESIAN_POINT('',(2.739468794191,-1.003466214899));
#2419 = CARTESIAN_POINT('',(2.726902423577,-1.003466214899));
#2420 = CARTESIAN_POINT('',(2.714336052806,-1.003466214899));
#2421 = CARTESIAN_POINT('',(2.701769681983,-1.003466214899));
#2422 = CARTESIAN_POINT('',(2.689203311212,-1.003466214899));
#2423 = CARTESIAN_POINT('',(2.676636940597,-1.003466214899));
#2424 = CARTESIAN_POINT('',(2.65105540099,-1.003466214899));
#2425 = CARTESIAN_POINT('',(2.638040231426,-1.003466214899));
#2426 = CARTESIAN_POINT('',(2.625025061674,-1.003466214899));
#2427 = CARTESIAN_POINT('',(2.61200989186,-1.003466214899));
#2428 = CARTESIAN_POINT('',(2.598994722109,-1.003466214899));
#2429 = CARTESIAN_POINT('',(2.585979552544,-1.003466214899));
#2430 = CARTESIAN_POINT('',(2.560398012937,-1.003466214899));
#2431 = CARTESIAN_POINT('',(2.547831642322,-1.003466214899));
#2432 = CARTESIAN_POINT('',(2.535265271551,-1.003466214899));
#2433 = CARTESIAN_POINT('',(2.522698900728,-1.003466214899));
#2434 = CARTESIAN_POINT('',(2.510132529957,-1.003466214899));
#2435 = CARTESIAN_POINT('',(2.497566159343,-1.003466214899));
#2436 = CARTESIAN_POINT('',(2.475575011091,-1.003466214899));
#2437 = CARTESIAN_POINT('',(2.46615023313,-1.003466214899));
#2438 = CARTESIAN_POINT('',(2.456725455132,-1.003466214899));
#2439 = CARTESIAN_POINT('',(2.447300677122,-1.003466214899));
#2440 = CARTESIAN_POINT('',(2.437875899124,-1.003466214899));
#2441 = CARTESIAN_POINT('',(2.428451121163,-1.003466214899));
#2442 = CARTESIAN_POINT('',(2.409601565365,-1.003466214899));
#2443 = CARTESIAN_POINT('',(2.400176787405,-1.003466214899));
#2444 = CARTESIAN_POINT('',(2.390752009407,-1.003466214899));
#2445 = CARTESIAN_POINT('',(2.381327231396,-1.003466214899));
#2446 = CARTESIAN_POINT('',(2.371902453398,-1.003466214899));
#2447 = CARTESIAN_POINT('',(2.362477675438,-1.003466214899));
#2448 = CARTESIAN_POINT('',(2.340486527186,-1.003466214899));
#2449 = CARTESIAN_POINT('',(2.327920156571,-1.003466214899));
#2450 = CARTESIAN_POINT('',(2.3153537858,-1.003466214899));
#2451 = CARTESIAN_POINT('',(2.302787414977,-1.003466214899));
#2452 = CARTESIAN_POINT('',(2.290221044206,-1.003466214899));
#2453 = CARTESIAN_POINT('',(2.277654673592,-1.003466214899));
#2454 = CARTESIAN_POINT('',(2.251175536207,-1.003466214899));
#2455 = CARTESIAN_POINT('',(2.237262768741,-1.003466214899));
#2456 = CARTESIAN_POINT('',(2.223350001014,-1.003466214899));
#2457 = CARTESIAN_POINT('',(2.209437233201,-1.003466214899));
#2458 = CARTESIAN_POINT('',(2.195524465475,-1.003466214899));
#2459 = CARTESIAN_POINT('',(2.181611698009,-1.003466214899));
#2460 = CARTESIAN_POINT('',(2.156030158444,-1.003466214899));
#2461 = CARTESIAN_POINT('',(2.144361385731,-1.003466214899));
#2462 = CARTESIAN_POINT('',(2.132692612909,-1.003466214899));
#2463 = CARTESIAN_POINT('',(2.121023840052,-1.003466214899));
#2464 = CARTESIAN_POINT('',(2.10935506723,-1.003466214899));
#2465 = CARTESIAN_POINT('',(2.097686294517,-1.003466214899));
#2466 = CARTESIAN_POINT('',(2.07300235273,-1.003466214899));
#2467 = CARTESIAN_POINT('',(2.059987183165,-1.003466214899));
#2468 = CARTESIAN_POINT('',(2.046972013414,-1.003466214899));
#2469 = CARTESIAN_POINT('',(2.0339568436,-1.003466214899));
#2470 = CARTESIAN_POINT('',(2.020941673848,-1.003466214899));
#2471 = CARTESIAN_POINT('',(2.007926504283,-1.003466214899));
#2472 = CARTESIAN_POINT('',(1.984588959265,-1.003466214899));
#2473 = CARTESIAN_POINT('',(1.974266583404,-1.003466214899));
#2474 = CARTESIAN_POINT('',(1.963944207483,-1.003466214899));
#2475 = CARTESIAN_POINT('',(1.953621831543,-1.003466214899));
#2476 = CARTESIAN_POINT('',(1.943299455623,-1.003466214899));
#2477 = CARTESIAN_POINT('',(1.932977079761,-1.003466214899));
#2478 = CARTESIAN_POINT('',(1.909639534743,-1.003466214899));
#2479 = CARTESIAN_POINT('',(1.896624365178,-1.003466214899));
#2480 = CARTESIAN_POINT('',(1.883609195427,-1.003466214899));
#2481 = CARTESIAN_POINT('',(1.870594025613,-1.003466214899));
#2482 = CARTESIAN_POINT('',(1.857578855862,-1.003466214899));
#2483 = CARTESIAN_POINT('',(1.844563686297,-1.003466214899));
#2484 = CARTESIAN_POINT('',(1.822123739144,-1.003466214899));
#2485 = CARTESIAN_POINT('',(1.812698961183,-1.003466214899));
#2486 = CARTESIAN_POINT('',(1.803274183185,-1.003466214899));
#2487 = CARTESIAN_POINT('',(1.793849405175,-1.003466214899));
#2488 = CARTESIAN_POINT('',(1.784424627177,-1.003466214899));
#2489 = CARTESIAN_POINT('',(1.774999849216,-1.003466214899));
#2490 = CARTESIAN_POINT('',(1.757496690237,-1.003466214899));
#2491 = CARTESIAN_POINT('',(1.749418309128,-1.003466214899));
#2492 = CARTESIAN_POINT('',(1.741339928001,-1.003466214899));
#2493 = CARTESIAN_POINT('',(1.733261546869,-1.003466214899));
#2494 = CARTESIAN_POINT('',(1.725183165743,-1.003466214899));
#2495 = CARTESIAN_POINT('',(1.717104784633,-1.003466214899));
#2496 = CARTESIAN_POINT('',(1.696011234299,-1.003466214899));
#2497 = CARTESIAN_POINT('',(1.682996064734,-1.003466214899));
#2498 = CARTESIAN_POINT('',(1.669980894983,-1.003466214899));
#2499 = CARTESIAN_POINT('',(1.656965725169,-1.003466214899));
#2500 = CARTESIAN_POINT('',(1.643950555417,-1.003466214899));
#2501 = CARTESIAN_POINT('',(1.630935385853,-1.003466214899));
#2502 = CARTESIAN_POINT('',(1.605353846246,-1.003466214899));
#2503 = CARTESIAN_POINT('',(1.592787475631,-1.003466214899));
#2504 = CARTESIAN_POINT('',(1.58022110486,-1.003466214899));
#2505 = CARTESIAN_POINT('',(1.567654734037,-1.003466214899));
#2506 = CARTESIAN_POINT('',(1.555088363266,-1.003466214899));
#2507 = CARTESIAN_POINT('',(1.542521992652,-1.003466214899));
#2508 = CARTESIAN_POINT('',(1.516940453045,-1.003466214899));
#2509 = CARTESIAN_POINT('',(1.50392528348,-1.003466214899));
#2510 = CARTESIAN_POINT('',(1.490910113728,-1.003466214899));
#2511 = CARTESIAN_POINT('',(1.477894943914,-1.003466214899));
#2512 = CARTESIAN_POINT('',(1.464879774163,-1.003466214899));
#2513 = CARTESIAN_POINT('',(1.451864604598,-1.003466214899));
#2514 = CARTESIAN_POINT('',(1.42852705958,-1.003466214899));
#2515 = CARTESIAN_POINT('',(1.418204683718,-1.003466214899));
#2516 = CARTESIAN_POINT('',(1.407882307798,-1.003466214899));
#2517 = CARTESIAN_POINT('',(1.397559931858,-1.003466214899));
#2518 = CARTESIAN_POINT('',(1.387237555938,-1.003466214899));
#2519 = CARTESIAN_POINT('',(1.376915180076,-1.003466214899));
#2520 = CARTESIAN_POINT('',(1.353577635058,-1.003466214899));
#2521 = CARTESIAN_POINT('',(1.340562465493,-1.003466214899));
#2522 = CARTESIAN_POINT('',(1.327547295741,-1.003466214899));
#2523 = CARTESIAN_POINT('',(1.314532125928,-1.003466214899));
#2524 = CARTESIAN_POINT('',(1.301516956176,-1.003466214899));
#2525 = CARTESIAN_POINT('',(1.288501786611,-1.003466214899));
#2526 = CARTESIAN_POINT('',(1.262471448104,-1.003466214899));
#2527 = CARTESIAN_POINT('',(1.249456278539,-1.003466214899));
#2528 = CARTESIAN_POINT('',(1.236441108787,-1.003466214899));
#2529 = CARTESIAN_POINT('',(1.223425938974,-1.003466214899));
#2530 = CARTESIAN_POINT('',(1.210410769222,-1.003466214899));
#2531 = CARTESIAN_POINT('',(1.197395599657,-1.003466214899));
#2532 = CARTESIAN_POINT('',(1.17450685357,-1.003466214899));
#2533 = CARTESIAN_POINT('',(1.164633276659,-1.003466214899));
#2534 = CARTESIAN_POINT('',(1.154759699701,-1.003466214899));
#2535 = CARTESIAN_POINT('',(1.144886122727,-1.003466214899));
#2536 = CARTESIAN_POINT('',(1.135012545769,-1.003466214899));
#2537 = CARTESIAN_POINT('',(1.125138968858,-1.003466214899));
#2538 = CARTESIAN_POINT('',(1.102699021671,-1.003466214899));
#2539 = CARTESIAN_POINT('',(1.090132651057,-1.003466214899));
#2540 = CARTESIAN_POINT('',(1.077566280286,-1.003466214899));
#2541 = CARTESIAN_POINT('',(1.064999909463,-1.003466214899));
#2542 = CARTESIAN_POINT('',(1.052433538692,-1.003466214899));
#2543 = CARTESIAN_POINT('',(1.039867168077,-1.003466214899));
#2544 = CARTESIAN_POINT('',(1.012939231816,-1.003466214899));
#2545 = CARTESIAN_POINT('',(0.9985776654,-1.003466214899));
#2546 = CARTESIAN_POINT('',(0.984216098678,-1.003466214899));
#2547 = CARTESIAN_POINT('',(0.969854531855,-1.003466214899));
#2548 = CARTESIAN_POINT('',(0.955492965133,-1.003466214899));
#2549 = CARTESIAN_POINT('',(0.941131398717,-1.003466214899));
#2550 = CARTESIAN_POINT('',(0.794405439597,-1.003466214899));
#2551 = CARTESIAN_POINT('',(0.661941941519,-1.003466214899));
#2552 = CARTESIAN_POINT('',(0.529561748917,-1.003466214899));
#2553 = CARTESIAN_POINT('',(0.397208083892,-1.003466214899));
#2554 = CARTESIAN_POINT('',(0.26482789129,-1.003466214899));
#2555 = CARTESIAN_POINT('',(0.132364393212,-1.003466214899));
#2556 = CARTESIAN_POINT('',(0.,-1.003466214899));
#2557 = ( GEOMETRIC_REPRESENTATION_CONTEXT(2) 
PARAMETRIC_REPRESENTATION_CONTEXT() REPRESENTATION_CONTEXT('2D SPACE',''
  ) );
#2558 = ORIENTED_EDGE('',*,*,#2559,.T.);
#2559 = EDGE_CURVE('',#2054,#1507,#2560,.T.);
#2560 = SURFACE_CURVE('',#2561,(#2565,#2571),.PCURVE_S1.);
#2561 = LINE('',#2562,#2563);
#2562 = CARTESIAN_POINT('',(4.5,6.,0.));
#2563 = VECTOR('',#2564,1.);
#2564 = DIRECTION('',(1.,0.,-0.));
#2565 = PCURVE('',#98,#2566);
#2566 = DEFINITIONAL_REPRESENTATION('',(#2567),#2570);
#2567 = B_SPLINE_CURVE_WITH_KNOTS('',1,(#2568,#2569),.UNSPECIFIED.,.F.,
  .F.,(2,2),(0.5,5.),.PIECEWISE_BEZIER_KNOTS.);
#2568 = CARTESIAN_POINT('',(5.,6.));
#2569 = CARTESIAN_POINT('',(9.5,6.));
#2570 = ( GEOMETRIC_REPRESENTATION_CONTEXT(2) 
PARAMETRIC_REPRESENTATION_CONTEXT() REPRESENTATION_CONTEXT('2D SPACE',''
  ) );
#2571 = PCURVE('',#1353,#2572);
#2572 = DEFINITIONAL_REPRESENTATION('',(#2573),#2576);
#2573 = B_SPLINE_CURVE_WITH_KNOTS('',1,(#2574,#2575),.UNSPECIFIED.,.F.,
  .F.,(2,2),(0.5,5.),.PIECEWISE_BEZIER_KNOTS.);
#2574 = CARTESIAN_POINT('',(4.,-1.));
#2575 = CARTESIAN_POINT('',(-0.5,-1.));
#2576 = ( GEOMETRIC_REPRESENTATION_CONTEXT(2) 
PARAMETRIC_REPRESENTATION_CONTEXT() REPRESENTATION_CONTEXT('2D SPACE',''
  ) );
#2577 = ADVANCED_FACE('',(#2578),#71,.F.);
#2578 = FACE_BOUND('',#2579,.F.);
#2579 = EDGE_LOOP('',(#2580,#2601,#2602,#2603));
#2580 = ORIENTED_EDGE('',*,*,#2581,.F.);
#2581 = EDGE_CURVE('',#1418,#141,#2582,.T.);
#2582 = SURFACE_CURVE('',#2583,(#2587,#2594),.PCURVE_S1.);
#2583 = LINE('',#2584,#2585);
#2584 = CARTESIAN_POINT('',(2.,2.,-1.));
#2585 = VECTOR('',#2586,1.);
#2586 = DIRECTION('',(0.,0.,1.));
#2587 = PCURVE('',#71,#2588);
#2588 = DEFINITIONAL_REPRESENTATION('',(#2589),#2593);
#2589 = LINE('',#2590,#2591);
#2590 = CARTESIAN_POINT('',(0.,3.));
#2591 = VECTOR('',#2592,1.);
#2592 = DIRECTION('',(1.,0.));
#2593 = ( GEOMETRIC_REPRESENTATION_CONTEXT(2) 
PARAMETRIC_REPRESENTATION_CONTEXT() REPRESENTATION_CONTEXT('2D SPACE',''
  ) );
#2594 = PCURVE('',#176,#2595);
#2595 = DEFINITIONAL_REPRESENTATION('',(#2596),#2600);
#2596 = LINE('',#2597,#2598);
#2597 = CARTESIAN_POINT('',(0.,-3.));
#2598 = VECTOR('',#2599,1.);
#2599 = DIRECTION('',(1.,0.));
#2600 = ( GEOMETRIC_REPRESENTATION_CONTEXT(2) 
PARAMETRIC_REPRESENTATION_CONTEXT() REPRESENTATION_CONTEXT('2D SPACE',''
  ) );
#2601 = ORIENTED_EDGE('',*,*,#1417,.T.);
#2602 = ORIENTED_EDGE('',*,*,#56,.T.);
#2603 = ORIENTED_EDGE('',*,*,#140,.F.);
#2604 = ADVANCED_FACE('',(#2605),#176,.F.);
#2605 = FACE_BOUND('',#2606,.F.);
#2606 = EDGE_LOOP('',(#2607,#2608,#2609,#2628));
#2607 = ORIENTED_EDGE('',*,*,#2581,.T.);
#2608 = ORIENTED_EDGE('',*,*,#161,.F.);
#2609 = ORIENTED_EDGE('',*,*,#2610,.T.);
#2610 = EDGE_CURVE('',#162,#1439,#2611,.T.);
#2611 = SURFACE_CURVE('',#2612,(#2616,#2622),.PCURVE_S1.);
#2612 = LINE('',#2613,#2614);
#2613 = CARTESIAN_POINT('',(2.,0.,-0.5));
#2614 = VECTOR('',#2615,1.);
#2615 = DIRECTION('',(-0.,0.,-1.));
#2616 = PCURVE('',#176,#2617);
#2617 = DEFINITIONAL_REPRESENTATION('',(#2618),#2621);
#2618 = B_SPLINE_CURVE_WITH_KNOTS('',1,(#2619,#2620),.UNSPECIFIED.,.F.,
  .F.,(2,2),(-4.5,-0.5),.PIECEWISE_BEZIER_KNOTS.);
#2619 = CARTESIAN_POINT('',(5.,-1.));
#2620 = CARTESIAN_POINT('',(1.,-1.));
#2621 = ( GEOMETRIC_REPRESENTATION_CONTEXT(2) 
PARAMETRIC_REPRESENTATION_CONTEXT() REPRESENTATION_CONTEXT('2D SPACE',''
  ) );
#2622 = PCURVE('',#203,#2623);
#2623 = DEFINITIONAL_REPRESENTATION('',(#2624),#2627);
#2624 = B_SPLINE_CURVE_WITH_KNOTS('',1,(#2625,#2626),.UNSPECIFIED.,.F.,
  .F.,(2,2),(-4.5,-0.5),.PIECEWISE_BEZIER_KNOTS.);
#2625 = CARTESIAN_POINT('',(4.,2.));
#2626 = CARTESIAN_POINT('',(0.,2.));
#2627 = ( GEOMETRIC_REPRESENTATION_CONTEXT(2) 
PARAMETRIC_REPRESENTATION_CONTEXT() REPRESENTATION_CONTEXT('2D SPACE',''
  ) );
#2628 = ORIENTED_EDGE('',*,*,#1438,.T.);
#2629 = ADVANCED_FACE('',(#2630),#231,.T.);
#2630 = FACE_BOUND('',#2631,.T.);
#2631 = EDGE_LOOP('',(#2632,#2653,#2654,#2655));
#2632 = ORIENTED_EDGE('',*,*,#2633,.F.);
#2633 = EDGE_CURVE('',#1460,#188,#2634,.T.);
#2634 = SURFACE_CURVE('',#2635,(#2639,#2646),.PCURVE_S1.);
#2635 = LINE('',#2636,#2637);
#2636 = CARTESIAN_POINT('',(14.,0.,0.));
#2637 = VECTOR('',#2638,1.);
#2638 = DIRECTION('',(0.,0.,1.));
#2639 = PCURVE('',#231,#2640);
#2640 = DEFINITIONAL_REPRESENTATION('',(#2641),#2645);
#2641 = LINE('',#2642,#2643);
#2642 = CARTESIAN_POINT('',(0.,0.));
#2643 = VECTOR('',#2644,1.);
#2644 = DIRECTION('',(1.,0.));
#2645 = ( GEOMETRIC_REPRESENTATION_CONTEXT(2) 
PARAMETRIC_REPRESENTATION_CONTEXT() REPRESENTATION_CONTEXT('2D SPACE',''
  ) );
#2646 = PCURVE('',#203,#2647);
#2647 = DEFINITIONAL_REPRESENTATION('',(#2648),#2652);
#2648 = LINE('',#2649,#2650);
#2649 = CARTESIAN_POINT('',(0.,14.));
#2650 = VECTOR('',#2651,1.);
#2651 = DIRECTION('',(1.,0.));
#2652 = ( GEOMETRIC_REPRESENTATION_CONTEXT(2) 
PARAMETRIC_REPRESENTATION_CONTEXT() REPRESENTATION_CONTEXT('2D SPACE',''
  ) );
#2653 = ORIENTED_EDGE('',*,*,#1482,.T.);
#2654 = ORIENTED_EDGE('',*,*,#1392,.T.);
#2655 = ORIENTED_EDGE('',*,*,#215,.F.);
#2656 = ADVANCED_FACE('',(#2657),#203,.F.);
#2657 = FACE_BOUND('',#2658,.F.);
#2658 = EDGE_LOOP('',(#2659,#2660,#2661,#2662));
#2659 = ORIENTED_EDGE('',*,*,#1459,.F.);
#2660 = ORIENTED_EDGE('',*,*,#2610,.F.);
#2661 = ORIENTED_EDGE('',*,*,#187,.T.);
#2662 = ORIENTED_EDGE('',*,*,#2633,.F.);
#2663 = ADVANCED_FACE('',(#2664),#618,.T.);
#2664 = FACE_BOUND('',#2665,.T.);
#2665 = EDGE_LOOP('',(#2666,#2667,#2688,#2689));
#2666 = ORIENTED_EDGE('',*,*,#1506,.T.);
#2667 = ORIENTED_EDGE('',*,*,#2668,.T.);
#2668 = EDGE_CURVE('',#1509,#269,#2669,.T.);
#2669 = SURFACE_CURVE('',#2670,(#2674,#2681),.PCURVE_S1.);
#2670 = LINE('',#2671,#2672);
#2671 = CARTESIAN_POINT('',(9.,4.,-1.));
#2672 = VECTOR('',#2673,1.);
#2673 = DIRECTION('',(8.304547985374E-02,0.,0.996545758245));
#2674 = PCURVE('',#618,#2675);
#2675 = DEFINITIONAL_REPRESENTATION('',(#2676),#2680);
#2676 = LINE('',#2677,#2678);
#2677 = CARTESIAN_POINT('',(0.,0.));
#2678 = VECTOR('',#2679,1.);
#2679 = DIRECTION('',(0.,-1.));
#2680 = ( GEOMETRIC_REPRESENTATION_CONTEXT(2) 
PARAMETRIC_REPRESENTATION_CONTEXT() REPRESENTATION_CONTEXT('2D SPACE',''
  ) );
#2681 = PCURVE('',#815,#2682);
#2682 = DEFINITIONAL_REPRESENTATION('',(#2683),#2687);
#2683 = LINE('',#2684,#2685);
#2684 = CARTESIAN_POINT('',(4.,0.));
#2685 = VECTOR('',#2686,1.);
#2686 = DIRECTION('',(8.304547985374E-02,-0.996545758245));
#2687 = ( GEOMETRIC_REPRESENTATION_CONTEXT(2) 
PARAMETRIC_REPRESENTATION_CONTEXT() REPRESENTATION_CONTEXT('2D SPACE',''
  ) );
#2688 = ORIENTED_EDGE('',*,*,#266,.F.);
#2689 = ORIENTED_EDGE('',*,*,#2690,.F.);
#2690 = EDGE_CURVE('',#1507,#267,#2691,.T.);
#2691 = SURFACE_CURVE('',#2692,(#2696,#2703),.PCURVE_S1.);
#2692 = LINE('',#2693,#2694);
#2693 = CARTESIAN_POINT('',(9.,6.,-1.));
#2694 = VECTOR('',#2695,1.);
#2695 = DIRECTION('',(8.304547985374E-02,0.,0.996545758245));
#2696 = PCURVE('',#618,#2697);
#2697 = DEFINITIONAL_REPRESENTATION('',(#2698),#2702);
#2698 = LINE('',#2699,#2700);
#2699 = CARTESIAN_POINT('',(3.14159265359,0.));
#2700 = VECTOR('',#2701,1.);
#2701 = DIRECTION('',(0.,-1.));
#2702 = ( GEOMETRIC_REPRESENTATION_CONTEXT(2) 
PARAMETRIC_REPRESENTATION_CONTEXT() REPRESENTATION_CONTEXT('2D SPACE',''
  ) );
#2703 = PCURVE('',#1353,#2704);
#2704 = DEFINITIONAL_REPRESENTATION('',(#2705),#2709);
#2705 = LINE('',#2706,#2707);
#2706 = CARTESIAN_POINT('',(0.,-0.));
#2707 = VECTOR('',#2708,1.);
#2708 = DIRECTION('',(-8.304547985374E-02,-0.996545758245));
#2709 = ( GEOMETRIC_REPRESENTATION_CONTEXT(2) 
PARAMETRIC_REPRESENTATION_CONTEXT() REPRESENTATION_CONTEXT('2D SPACE',''
  ) );
#2710 = ADVANCED_FACE('',(#2711),#1353,.T.);
#2711 = FACE_BOUND('',#2712,.T.);
#2712 = EDGE_LOOP('',(#2713,#2714,#2715,#2716));
#2713 = ORIENTED_EDGE('',*,*,#2559,.T.);
#2714 = ORIENTED_EDGE('',*,*,#2690,.T.);
#2715 = ORIENTED_EDGE('',*,*,#1340,.F.);
#2716 = ORIENTED_EDGE('',*,*,#2717,.F.);
#2717 = EDGE_CURVE('',#2054,#827,#2718,.T.);
#2718 = SURFACE_CURVE('',#2719,(#2723,#2730),.PCURVE_S1.);
#2719 = LINE('',#2720,#2721);
#2720 = CARTESIAN_POINT('',(5.,6.,-1.));
#2721 = VECTOR('',#2722,1.);
#2722 = DIRECTION('',(8.304547985374E-02,0.,0.996545758245));
#2723 = PCURVE('',#1353,#2724);
#2724 = DEFINITIONAL_REPRESENTATION('',(#2725),#2729);
#2725 = LINE('',#2726,#2727);
#2726 = CARTESIAN_POINT('',(4.,0.));
#2727 = VECTOR('',#2728,1.);
#2728 = DIRECTION('',(-8.304547985374E-02,-0.996545758245));
#2729 = ( GEOMETRIC_REPRESENTATION_CONTEXT(2) 
PARAMETRIC_REPRESENTATION_CONTEXT() REPRESENTATION_CONTEXT('2D SPACE',''
  ) );
#2730 = PCURVE('',#1164,#2731);
#2731 = DEFINITIONAL_REPRESENTATION('',(#2732),#2736);
#2732 = LINE('',#2733,#2734);
#2733 = CARTESIAN_POINT('',(0.,0.));
#2734 = VECTOR('',#2735,1.);
#2735 = DIRECTION('',(0.,-1.));
#2736 = ( GEOMETRIC_REPRESENTATION_CONTEXT(2) 
PARAMETRIC_REPRESENTATION_CONTEXT() REPRESENTATION_CONTEXT('2D SPACE',''
  ) );
#2737 = ADVANCED_FACE('',(#2738),#1164,.T.);
#2738 = FACE_BOUND('',#2739,.T.);
#2739 = EDGE_LOOP('',(#2740,#2741,#2742,#2743));
#2740 = ORIENTED_EDGE('',*,*,#2053,.T.);
#2741 = ORIENTED_EDGE('',*,*,#2717,.T.);
#2742 = ORIENTED_EDGE('',*,*,#826,.F.);
#2743 = ORIENTED_EDGE('',*,*,#2744,.F.);
#2744 = EDGE_CURVE('',#2033,#801,#2745,.T.);
#2745 = SURFACE_CURVE('',#2746,(#2750,#2757),.PCURVE_S1.);
#2746 = LINE('',#2747,#2748);
#2747 = CARTESIAN_POINT('',(5.,4.,-1.));
#2748 = VECTOR('',#2749,1.);
#2749 = DIRECTION('',(8.304547985374E-02,0.,0.996545758245));
#2750 = PCURVE('',#1164,#2751);
#2751 = DEFINITIONAL_REPRESENTATION('',(#2752),#2756);
#2752 = LINE('',#2753,#2754);
#2753 = CARTESIAN_POINT('',(3.14159265359,0.));
#2754 = VECTOR('',#2755,1.);
#2755 = DIRECTION('',(0.,-1.));
#2756 = ( GEOMETRIC_REPRESENTATION_CONTEXT(2) 
PARAMETRIC_REPRESENTATION_CONTEXT() REPRESENTATION_CONTEXT('2D SPACE',''
  ) );
#2757 = PCURVE('',#815,#2758);
#2758 = DEFINITIONAL_REPRESENTATION('',(#2759),#2763);
#2759 = LINE('',#2760,#2761);
#2760 = CARTESIAN_POINT('',(0.,0.));
#2761 = VECTOR('',#2762,1.);
#2762 = DIRECTION('',(8.304547985374E-02,-0.996545758245));
#2763 = ( GEOMETRIC_REPRESENTATION_CONTEXT(2) 
PARAMETRIC_REPRESENTATION_CONTEXT() REPRESENTATION_CONTEXT('2D SPACE',''
  ) );
#2764 = ADVANCED_FACE('',(#2765),#815,.T.);
#2765 = FACE_BOUND('',#2766,.T.);
#2766 = EDGE_LOOP('',(#2767,#2768,#2769,#2770));
#2767 = ORIENTED_EDGE('',*,*,#2032,.T.);
#2768 = ORIENTED_EDGE('',*,*,#2744,.T.);
#2769 = ORIENTED_EDGE('',*,*,#800,.F.);
#2770 = ORIENTED_EDGE('',*,*,#2668,.F.);
#2771 = ( GEOMETRIC_REPRESENTATION_CONTEXT(3) 
GLOBAL_UNCERTAINTY_ASSIGNED_CONTEXT((#2775)) 
GLOBAL_UNIT_ASSIGNED_CONTEXT((#2772,#2773,#2774)) REPRESENTATION_CONTEXT
('Context #1','3D Context with UNIT and UNCERTAINTY') );
#2772 = ( LENGTH_UNIT() NAMED_UNIT(*) SI_UNIT(.MILLI.,.METRE.) );
#2773 = ( NAMED_UNIT(*) PLANE_ANGLE_UNIT() SI_UNIT($,.RADIAN.) );
#2774 = ( NAMED_UNIT(*) SI_UNIT($,.STERADIAN.) SOLID_ANGLE_UNIT() );
#2775 = UNCERTAINTY_MEASURE_WITH_UNIT(LENGTH_MEASURE(2.E-06),#2772,
  'distance_accuracy_value','confusion accuracy');
#2776 = PRODUCT_RELATED_PRODUCT_CATEGORY('part',$,(#7));
ENDSEC;
END-ISO-10303-21;
