fixture,token_index,kind,raw_json,value_json,start_offset,end_offset,start_byte,end_byte,start_line,start_column,end_line,end_column
geometry_control,0,IDENTIFIER,"""ISO-10303-21""","""ISO-10303-21""",0,12,0,12,1,1,1,13
geometry_control,1,SYMBOL,""";""",""";""",12,13,12,13,1,13,1,14
geometry_control,2,WHITESPACE,"""\n""","""\n""",13,14,13,14,1,14,2,1
geometry_control,3,IDENTIFIER,"""HEADER""","""HEADER""",14,20,14,20,2,1,2,7
geometry_control,4,SYMBOL,""";""",""";""",20,21,20,21,2,7,2,8
geometry_control,5,WHITESPACE,"""\n""","""\n""",21,22,21,22,2,8,3,1
geometry_control,6,IDENTIFIER,"""FILE_DESCRIPTION""","""FILE_DESCRIPTION""",22,38,22,38,3,1,3,17
geometry_control,7,SYMBOL,"""(""","""(""",38,39,38,39,3,17,3,18
geometry_control,8,SYMBOL,"""(""","""(""",39,40,39,40,3,18,3,19
geometry_control,9,STRING,"""'Synthetic B-Rep topology fixture'""","""Synthetic B-Rep topology fixture""",40,74,40,74,3,19,3,53
geometry_control,10,SYMBOL,""")""",""")""",74,75,74,75,3,53,3,54
geometry_control,11,SYMBOL,""",""",""",""",75,76,75,76,3,54,3,55
geometry_control,12,STRING,"""'2;1'""","""2;1""",76,81,76,81,3,55,3,60
geometry_control,13,SYMBOL,""")""",""")""",81,82,81,82,3,60,3,61
geometry_control,14,SYMBOL,""";""",""";""",82,83,82,83,3,61,3,62
geometry_control,15,WHITESPACE,"""\n""","""\n""",83,84,83,84,3,62,4,1
geometry_control,16,IDENTIFIER,"""FILE_NAME""","""FILE_NAME""",84,93,84,93,4,1,4,10
geometry_control,17,SYMBOL,"""(""","""(""",93,94,93,94,4,10,4,11
geometry_control,18,STRING,"""'closed_tetrahedron.step'""","""closed_tetrahedron.step""",94,119,94,119,4,11,4,36
geometry_control,19,SYMBOL,""",""",""",""",119,120,119,120,4,36,4,37
geometry_control,20,STRING,"""'2000-01-01T00:00:00'""","""2000-01-01T00:00:00""",120,141,120,141,4,37,4,58
geometry_control,21,SYMBOL,""",""",""",""",141,142,141,142,4,58,4,59
geometry_control,22,SYMBOL,"""(""","""(""",142,143,142,143,4,59,4,60
geometry_control,23,STRING,"""'research-notes'""","""research-notes""",143,159,143,159,4,60,4,76
geometry_control,24,SYMBOL,""")""",""")""",159,160,159,160,4,76,4,77
geometry_control,25,SYMBOL,""",""",""",""",160,161,160,161,4,77,4,78
geometry_control,26,SYMBOL,"""(""","""(""",161,162,161,162,4,78,4,79
geometry_control,27,STRING,"""'research-notes'""","""research-notes""",162,178,162,178,4,79,4,95
geometry_control,28,SYMBOL,""")""",""")""",178,179,178,179,4,95,4,96
geometry_control,29,SYMBOL,""",""",""",""",179,180,179,180,4,96,4,97
geometry_control,30,STRING,"""'research-notes'""","""research-notes""",180,196,180,196,4,97,4,113
geometry_control,31,SYMBOL,""",""",""",""",196,197,196,197,4,113,4,114
geometry_control,32,STRING,"""'research-notes'""","""research-notes""",197,213,197,213,4,114,4,130
geometry_control,33,SYMBOL,""",""",""",""",213,214,213,214,4,130,4,131
geometry_control,34,STRING,"""''""","""""",214,216,214,216,4,131,4,133
geometry_control,35,SYMBOL,""")""",""")""",216,217,216,217,4,133,4,134
geometry_control,36,SYMBOL,""";""",""";""",217,218,217,218,4,134,4,135
geometry_control,37,WHITESPACE,"""\n""","""\n""",218,219,218,219,4,135,5,1
geometry_control,38,IDENTIFIER,"""FILE_SCHEMA""","""FILE_SCHEMA""",219,230,219,230,5,1,5,12
geometry_control,39,SYMBOL,"""(""","""(""",230,231,230,231,5,12,5,13
geometry_control,40,SYMBOL,"""(""","""(""",231,232,231,232,5,13,5,14
geometry_control,41,STRING,"""'AUTOMOTIVE_DESIGN'""","""AUTOMOTIVE_DESIGN""",232,251,232,251,5,14,5,33
geometry_control,42,SYMBOL,""")""",""")""",251,252,251,252,5,33,5,34
geometry_control,43,SYMBOL,""")""",""")""",252,253,252,253,5,34,5,35
geometry_control,44,SYMBOL,""";""",""";""",253,254,253,254,5,35,5,36
geometry_control,45,WHITESPACE,"""\n""","""\n""",254,255,254,255,5,36,6,1
geometry_control,46,IDENTIFIER,"""ENDSEC""","""ENDSEC""",255,261,255,261,6,1,6,7
geometry_control,47,SYMBOL,""";""",""";""",261,262,261,262,6,7,6,8
geometry_control,48,WHITESPACE,"""\n""","""\n""",262,263,262,263,6,8,7,1
geometry_control,49,IDENTIFIER,"""DATA""","""DATA""",263,267,263,267,7,1,7,5
geometry_control,50,SYMBOL,""";""",""";""",267,268,267,268,7,5,7,6
geometry_control,51,WHITESPACE,"""\n""","""\n""",268,269,268,269,7,6,8,1
geometry_control,52,ENTITY_REFERENCE,"""#1""","""#1""",269,271,269,271,8,1,8,3
geometry_control,53,SYMBOL,"""=""","""=""",271,272,271,272,8,3,8,4
geometry_control,54,IDENTIFIER,"""CARTESIAN_POINT""","""CARTESIAN_POINT""",272,287,272,287,8,4,8,19
geometry_control,55,SYMBOL,"""(""","""(""",287,288,287,288,8,19,8,20
geometry_control,56,STRING,"""''""","""""",288,290,288,290,8,20,8,22
geometry_control,57,SYMBOL,""",""",""",""",290,291,290,291,8,22,8,23
geometry_control,58,SYMBOL,"""(""","""(""",291,292,291,292,8,23,8,24
geometry_control,59,NUMBER,"""0.000000""","""0.000000""",292,300,292,300,8,24,8,32
geometry_control,60,SYMBOL,""",""",""",""",300,301,300,301,8,32,8,33
geometry_control,61,NUMBER,"""0.000000""","""0.000000""",301,309,301,309,8,33,8,41
geometry_control,62,SYMBOL,""",""",""",""",309,310,309,310,8,41,8,42
geometry_control,63,NUMBER,"""0.000000""","""0.000000""",310,318,310,318,8,42,8,50
geometry_control,64,SYMBOL,""")""",""")""",318,319,318,319,8,50,8,51
geometry_control,65,SYMBOL,""")""",""")""",319,320,319,320,8,51,8,52
geometry_control,66,SYMBOL,""";""",""";""",320,321,320,321,8,52,8,53
geometry_control,67,WHITESPACE,"""\n""","""\n""",321,322,321,322,8,53,9,1
geometry_control,68,ENTITY_REFERENCE,"""#2""","""#2""",322,324,322,324,9,1,9,3
geometry_control,69,SYMBOL,"""=""","""=""",324,325,324,325,9,3,9,4
geometry_control,70,IDENTIFIER,"""VERTEX_POINT""","""VERTEX_POINT""",325,337,325,337,9,4,9,16
geometry_control,71,SYMBOL,"""(""","""(""",337,338,337,338,9,16,9,17
geometry_control,72,STRING,"""''""","""""",338,340,338,340,9,17,9,19
geometry_control,73,SYMBOL,""",""",""",""",340,341,340,341,9,19,9,20
geometry_control,74,ENTITY_REFERENCE,"""#1""","""#1""",341,343,341,343,9,20,9,22
geometry_control,75,SYMBOL,""")""",""")""",343,344,343,344,9,22,9,23
geometry_control,76,SYMBOL,""";""",""";""",344,345,344,345,9,23,9,24
geometry_control,77,WHITESPACE,"""\n""","""\n""",345,346,345,346,9,24,10,1
geometry_control,78,ENTITY_REFERENCE,"""#3""","""#3""",346,348,346,348,10,1,10,3
geometry_control,79,SYMBOL,"""=""","""=""",348,349,348,349,10,3,10,4
geometry_control,80,IDENTIFIER,"""CARTESIAN_POINT""","""CARTESIAN_POINT""",349,364,349,364,10,4,10,19
geometry_control,81,SYMBOL,"""(""","""(""",364,365,364,365,10,19,10,20
geometry_control,82,STRING,"""''""","""""",365,367,365,367,10,20,10,22
geometry_control,83,SYMBOL,""",""",""",""",367,368,367,368,10,22,10,23
geometry_control,84,SYMBOL,"""(""","""(""",368,369,368,369,10,23,10,24
geometry_control,85,NUMBER,"""1.000000""","""1.000000""",369,377,369,377,10,24,10,32
geometry_control,86,SYMBOL,""",""",""",""",377,378,377,378,10,32,10,33
geometry_control,87,NUMBER,"""0.000000""","""0.000000""",378,386,378,386,10,33,10,41
geometry_control,88,SYMBOL,""",""",""",""",386,387,386,387,10,41,10,42
geometry_control,89,NUMBER,"""0.000000""","""0.000000""",387,395,387,395,10,42,10,50
geometry_control,90,SYMBOL,""")""",""")""",395,396,395,396,10,50,10,51
geometry_control,91,SYMBOL,""")""",""")""",396,397,396,397,10,51,10,52
geometry_control,92,SYMBOL,""";""",""";""",397,398,397,398,10,52,10,53
geometry_control,93,WHITESPACE,"""\n""","""\n""",398,399,398,399,10,53,11,1
geometry_control,94,ENTITY_REFERENCE,"""#4""","""#4""",399,401,399,401,11,1,11,3
geometry_control,95,SYMBOL,"""=""","""=""",401,402,401,402,11,3,11,4
geometry_control,96,IDENTIFIER,"""VERTEX_POINT""","""VERTEX_POINT""",402,414,402,414,11,4,11,16
geometry_control,97,SYMBOL,"""(""","""(""",414,415,414,415,11,16,11,17
geometry_control,98,STRING,"""''""","""""",415,417,415,417,11,17,11,19
geometry_control,99,SYMBOL,""",""",""",""",417,418,417,418,11,19,11,20
geometry_control,100,ENTITY_REFERENCE,"""#3""","""#3""",418,420,418,420,11,20,11,22
geometry_control,101,SYMBOL,""")""",""")""",420,421,420,421,11,22,11,23
geometry_control,102,SYMBOL,""";""",""";""",421,422,421,422,11,23,11,24
geometry_control,103,WHITESPACE,"""\n""","""\n""",422,423,422,423,11,24,12,1
geometry_control,104,ENTITY_REFERENCE,"""#5""","""#5""",423,425,423,425,12,1,12,3
geometry_control,105,SYMBOL,"""=""","""=""",425,426,425,426,12,3,12,4
geometry_control,106,IDENTIFIER,"""CARTESIAN_POINT""","""CARTESIAN_POINT""",426,441,426,441,12,4,12,19
geometry_control,107,SYMBOL,"""(""","""(""",441,442,441,442,12,19,12,20
geometry_control,108,STRING,"""''""","""""",442,444,442,444,12,20,12,22
geometry_control,109,SYMBOL,""",""",""",""",444,445,444,445,12,22,12,23
geometry_control,110,SYMBOL,"""(""","""(""",445,446,445,446,12,23,12,24
geometry_control,111,NUMBER,"""0.000000""","""0.000000""",446,454,446,454,12,24,12,32
geometry_control,112,SYMBOL,""",""",""",""",454,455,454,455,12,32,12,33
geometry_control,113,NUMBER,"""1.000000""","""1.000000""",455,463,455,463,12,33,12,41
geometry_control,114,SYMBOL,""",""",""",""",463,464,463,464,12,41,12,42
geometry_control,115,NUMBER,"""0.000000""","""0.000000""",464,472,464,472,12,42,12,50
geometry_control,116,SYMBOL,""")""",""")""",472,473,472,473,12,50,12,51
geometry_control,117,SYMBOL,""")""",""")""",473,474,473,474,12,51,12,52
geometry_control,118,SYMBOL,""";""",""";""",474,475,474,475,12,52,12,53
geometry_control,119,WHITESPACE,"""\n""","""\n""",475,476,475,476,12,53,13,1
geometry_control,120,ENTITY_REFERENCE,"""#6""","""#6""",476,478,476,478,13,1,13,3
geometry_control,121,SYMBOL,"""=""","""=""",478,479,478,479,13,3,13,4
geometry_control,122,IDENTIFIER,"""VERTEX_POINT""","""VERTEX_POINT""",479,491,479,491,13,4,13,16
geometry_control,123,SYMBOL,"""(""","""(""",491,492,491,492,13,16,13,17
geometry_control,124,STRING,"""''""","""""",492,494,492,494,13,17,13,19
geometry_control,125,SYMBOL,""",""",""",""",494,495,494,495,13,19,13,20
geometry_control,126,ENTITY_REFERENCE,"""#5""","""#5""",495,497,495,497,13,20,13,22
geometry_control,127,SYMBOL,""")""",""")""",497,498,497,498,13,22,13,23
geometry_control,128,SYMBOL,""";""",""";""",498,499,498,499,13,23,13,24
geometry_control,129,WHITESPACE,"""\n""","""\n""",499,500,499,500,13,24,14,1
geometry_control,130,ENTITY_REFERENCE,"""#7""","""#7""",500,502,500,502,14,1,14,3
geometry_control,131,SYMBOL,"""=""","""=""",502,503,502,503,14,3,14,4
geometry_control,132,IDENTIFIER,"""CARTESIAN_POINT""","""CARTESIAN_POINT""",503,518,503,518,14,4,14,19
geometry_control,133,SYMBOL,"""(""","""(""",518,519,518,519,14,19,14,20
geometry_control,134,STRING,"""''""","""""",519,521,519,521,14,20,14,22
geometry_control,135,SYMBOL,""",""",""",""",521,522,521,522,14,22,14,23
geometry_control,136,SYMBOL,"""(""","""(""",522,523,522,523,14,23,14,24
geometry_control,137,NUMBER,"""0.000000""","""0.000000""",523,531,523,531,14,24,14,32
geometry_control,138,SYMBOL,""",""",""",""",531,532,531,532,14,32,14,33
geometry_control,139,NUMBER,"""0.000000""","""0.000000""",532,540,532,540,14,33,14,41
geometry_control,140,SYMBOL,""",""",""",""",540,541,540,541,14,41,14,42
geometry_control,141,NUMBER,"""1.000000""","""1.000000""",541,549,541,549,14,42,14,50
geometry_control,142,SYMBOL,""")""",""")""",549,550,549,550,14,50,14,51
geometry_control,143,SYMBOL,""")""",""")""",550,551,550,551,14,51,14,52
geometry_control,144,SYMBOL,""";""",""";""",551,552,551,552,14,52,14,53
geometry_control,145,WHITESPACE,"""\n""","""\n""",552,553,552,553,14,53,15,1
geometry_control,146,ENTITY_REFERENCE,"""#8""","""#8""",553,555,553,555,15,1,15,3
geometry_control,147,SYMBOL,"""=""","""=""",555,556,555,556,15,3,15,4
geometry_control,148,IDENTIFIER,"""VERTEX_POINT""","""VERTEX_POINT""",556,568,556,568,15,4,15,16
geometry_control,149,SYMBOL,"""(""","""(""",568,569,568,569,15,16,15,17
geometry_control,150,STRING,"""''""","""""",569,571,569,571,15,17,15,19
geometry_control,151,SYMBOL,""",""",""",""",571,572,571,572,15,19,15,20
geometry_control,152,ENTITY_REFERENCE,"""#7""","""#7""",572,574,572,574,15,20,15,22
geometry_control,153,SYMBOL,""")""",""")""",574,575,574,575,15,22,15,23
geometry_control,154,SYMBOL,""";""",""";""",575,576,575,576,15,23,15,24
geometry_control,155,WHITESPACE,"""\n""","""\n""",576,577,576,577,15,24,16,1
geometry_control,156,ENTITY_REFERENCE,"""#9""","""#9""",577,579,577,579,16,1,16,3
geometry_control,157,SYMBOL,"""=""","""=""",579,580,579,580,16,3,16,4
geometry_control,158,IDENTIFIER,"""DIRECTION""","""DIRECTION""",580,589,580,589,16,4,16,13
geometry_control,159,SYMBOL,"""(""","""(""",589,590,589,590,16,13,16,14
geometry_control,160,STRING,"""''""","""""",590,592,590,592,16,14,16,16
geometry_control,161,SYMBOL,""",""",""",""",592,593,592,593,16,16,16,17
geometry_control,162,SYMBOL,"""(""","""(""",593,594,593,594,16,17,16,18
geometry_control,163,NUMBER,"""1.000000""","""1.000000""",594,602,594,602,16,18,16,26
geometry_control,164,SYMBOL,""",""",""",""",602,603,602,603,16,26,16,27
geometry_control,165,NUMBER,"""0.000000""","""0.000000""",603,611,603,611,16,27,16,35
geometry_control,166,SYMBOL,""",""",""",""",611,612,611,612,16,35,16,36
geometry_control,167,NUMBER,"""0.000000""","""0.000000""",612,620,612,620,16,36,16,44
geometry_control,168,SYMBOL,""")""",""")""",620,621,620,621,16,44,16,45
geometry_control,169,SYMBOL,""")""",""")""",621,622,621,622,16,45,16,46
geometry_control,170,SYMBOL,""";""",""";""",622,623,622,623,16,46,16,47
geometry_control,171,WHITESPACE,"""\n""","""\n""",623,624,623,624,16,47,17,1
geometry_control,172,ENTITY_REFERENCE,"""#10""","""#10""",624,627,624,627,17,1,17,4
geometry_control,173,SYMBOL,"""=""","""=""",627,628,627,628,17,4,17,5
geometry_control,174,IDENTIFIER,"""VECTOR""","""VECTOR""",628,634,628,634,17,5,17,11
geometry_control,175,SYMBOL,"""(""","""(""",634,635,634,635,17,11,17,12
geometry_control,176,STRING,"""''""","""""",635,637,635,637,17,12,17,14
geometry_control,177,SYMBOL,""",""",""",""",637,638,637,638,17,14,17,15
geometry_control,178,ENTITY_REFERENCE,"""#9""","""#9""",638,640,638,640,17,15,17,17
geometry_control,179,SYMBOL,""",""",""",""",640,641,640,641,17,17,17,18
geometry_control,180,NUMBER,"""1.000000""","""1.000000""",641,649,641,649,17,18,17,26
geometry_control,181,SYMBOL,""")""",""")""",649,650,649,650,17,26,17,27
geometry_control,182,SYMBOL,""";""",""";""",650,651,650,651,17,27,17,28
geometry_control,183,WHITESPACE,"""\n""","""\n""",651,652,651,652,17,28,18,1
geometry_control,184,ENTITY_REFERENCE,"""#11""","""#11""",652,655,652,655,18,1,18,4
geometry_control,185,SYMBOL,"""=""","""=""",655,656,655,656,18,4,18,5
geometry_control,186,IDENTIFIER,"""LINE""","""LINE""",656,660,656,660,18,5,18,9
geometry_control,187,SYMBOL,"""(""","""(""",660,661,660,661,18,9,18,10
geometry_control,188,STRING,"""''""","""""",661,663,661,663,18,10,18,12
geometry_control,189,SYMBOL,""",""",""",""",663,664,663,664,18,12,18,13
geometry_control,190,ENTITY_REFERENCE,"""#1""","""#1""",664,666,664,666,18,13,18,15
geometry_control,191,SYMBOL,""",""",""",""",666,667,666,667,18,15,18,16
geometry_control,192,ENTITY_REFERENCE,"""#10""","""#10""",667,670,667,670,18,16,18,19
geometry_control,193,SYMBOL,""")""",""")""",670,671,670,671,18,19,18,20
geometry_control,194,SYMBOL,""";""",""";""",671,672,671,672,18,20,18,21
geometry_control,195,WHITESPACE,"""\n""","""\n""",672,673,672,673,18,21,19,1
geometry_control,196,ENTITY_REFERENCE,"""#12""","""#12""",673,676,673,676,19,1,19,4
geometry_control,197,SYMBOL,"""=""","""=""",676,677,676,677,19,4,19,5
geometry_control,198,IDENTIFIER,"""EDGE_CURVE""","""EDGE_CURVE""",677,687,677,687,19,5,19,15
geometry_control,199,SYMBOL,"""(""","""(""",687,688,687,688,19,15,19,16
geometry_control,200,STRING,"""''""","""""",688,690,688,690,19,16,19,18
geometry_control,201,SYMBOL,""",""",""",""",690,691,690,691,19,18,19,19
geometry_control,202,ENTITY_REFERENCE,"""#2""","""#2""",691,693,691,693,19,19,19,21
geometry_control,203,SYMBOL,""",""",""",""",693,694,693,694,19,21,19,22
geometry_control,204,ENTITY_REFERENCE,"""#4""","""#4""",694,696,694,696,19,22,19,24
geometry_control,205,SYMBOL,""",""",""",""",696,697,696,697,19,24,19,25
geometry_control,206,ENTITY_REFERENCE,"""#11""","""#11""",697,700,697,700,19,25,19,28
geometry_control,207,SYMBOL,""",""",""",""",700,701,700,701,19,28,19,29
geometry_control,208,ENUMERATION,""".T.""","""T""",701,704,701,704,19,29,19,32
geometry_control,209,SYMBOL,""")""",""")""",704,705,704,705,19,32,19,33
geometry_control,210,SYMBOL,""";""",""";""",705,706,705,706,19,33,19,34
geometry_control,211,WHITESPACE,"""\n""","""\n""",706,707,706,707,19,34,20,1
geometry_control,212,ENTITY_REFERENCE,"""#13""","""#13""",707,710,707,710,20,1,20,4
geometry_control,213,SYMBOL,"""=""","""=""",710,711,710,711,20,4,20,5
geometry_control,214,IDENTIFIER,"""DIRECTION""","""DIRECTION""",711,720,711,720,20,5,20,14
geometry_control,215,SYMBOL,"""(""","""(""",720,721,720,721,20,14,20,15
geometry_control,216,STRING,"""''""","""""",721,723,721,723,20,15,20,17
geometry_control,217,SYMBOL,""",""",""",""",723,724,723,724,20,17,20,18
geometry_control,218,SYMBOL,"""(""","""(""",724,725,724,725,20,18,20,19
geometry_control,219,NUMBER,"""0.000000""","""0.000000""",725,733,725,733,20,19,20,27
geometry_control,220,SYMBOL,""",""",""",""",733,734,733,734,20,27,20,28
geometry_control,221,NUMBER,"""1.000000""","""1.000000""",734,742,734,742,20,28,20,36
geometry_control,222,SYMBOL,""",""",""",""",742,743,742,743,20,36,20,37
geometry_control,223,NUMBER,"""0.000000""","""0.000000""",743,751,743,751,20,37,20,45
geometry_control,224,SYMBOL,""")""",""")""",751,752,751,752,20,45,20,46
geometry_control,225,SYMBOL,""")""",""")""",752,753,752,753,20,46,20,47
geometry_control,226,SYMBOL,""";""",""";""",753,754,753,754,20,47,20,48
geometry_control,227,WHITESPACE,"""\n""","""\n""",754,755,754,755,20,48,21,1
geometry_control,228,ENTITY_REFERENCE,"""#14""","""#14""",755,758,755,758,21,1,21,4
geometry_control,229,SYMBOL,"""=""","""=""",758,759,758,759,21,4,21,5
geometry_control,230,IDENTIFIER,"""VECTOR""","""VECTOR""",759,765,759,765,21,5,21,11
geometry_control,231,SYMBOL,"""(""","""(""",765,766,765,766,21,11,21,12
geometry_control,232,STRING,"""''""","""""",766,768,766,768,21,12,21,14
geometry_control,233,SYMBOL,""",""",""",""",768,769,768,769,21,14,21,15
geometry_control,234,ENTITY_REFERENCE,"""#13""","""#13""",769,772,769,772,21,15,21,18
geometry_control,235,SYMBOL,""",""",""",""",772,773,772,773,21,18,21,19
geometry_control,236,NUMBER,"""1.000000""","""1.000000""",773,781,773,781,21,19,21,27
geometry_control,237,SYMBOL,""")""",""")""",781,782,781,782,21,27,21,28
geometry_control,238,SYMBOL,""";""",""";""",782,783,782,783,21,28,21,29
geometry_control,239,WHITESPACE,"""\n""","""\n""",783,784,783,784,21,29,22,1
geometry_control,240,ENTITY_REFERENCE,"""#15""","""#15""",784,787,784,787,22,1,22,4
geometry_control,241,SYMBOL,"""=""","""=""",787,788,787,788,22,4,22,5
geometry_control,242,IDENTIFIER,"""LINE""","""LINE""",788,792,788,792,22,5,22,9
geometry_control,243,SYMBOL,"""(""","""(""",792,793,792,793,22,9,22,10
geometry_control,244,STRING,"""''""","""""",793,795,793,795,22,10,22,12
geometry_control,245,SYMBOL,""",""",""",""",795,796,795,796,22,12,22,13
geometry_control,246,ENTITY_REFERENCE,"""#1""","""#1""",796,798,796,798,22,13,22,15
geometry_control,247,SYMBOL,""",""",""",""",798,799,798,799,22,15,22,16
geometry_control,248,ENTITY_REFERENCE,"""#14""","""#14""",799,802,799,802,22,16,22,19
geometry_control,249,SYMBOL,""")""",""")""",802,803,802,803,22,19,22,20
geometry_control,250,SYMBOL,""";""",""";""",803,804,803,804,22,20,22,21
geometry_control,251,WHITESPACE,"""\n""","""\n""",804,805,804,805,22,21,23,1
geometry_control,252,ENTITY_REFERENCE,"""#16""","""#16""",805,808,805,808,23,1,23,4
geometry_control,253,SYMBOL,"""=""","""=""",808,809,808,809,23,4,23,5
geometry_control,254,IDENTIFIER,"""EDGE_CURVE""","""EDGE_CURVE""",809,819,809,819,23,5,23,15
geometry_control,255,SYMBOL,"""(""","""(""",819,820,819,820,23,15,23,16
geometry_control,256,STRING,"""''""","""""",820,822,820,822,23,16,23,18
geometry_control,257,SYMBOL,""",""",""",""",822,823,822,823,23,18,23,19
geometry_control,258,ENTITY_REFERENCE,"""#2""","""#2""",823,825,823,825,23,19,23,21
geometry_control,259,SYMBOL,""",""",""",""",825,826,825,826,23,21,23,22
geometry_control,260,ENTITY_REFERENCE,"""#6""","""#6""",826,828,826,828,23,22,23,24
geometry_control,261,SYMBOL,""",""",""",""",828,829,828,829,23,24,23,25
geometry_control,262,ENTITY_REFERENCE,"""#15""","""#15""",829,832,829,832,23,25,23,28
geometry_control,263,SYMBOL,""",""",""",""",832,833,832,833,23,28,23,29
geometry_control,264,ENUMERATION,""".T.""","""T""",833,836,833,836,23,29,23,32
geometry_control,265,SYMBOL,""")""",""")""",836,837,836,837,23,32,23,33
geometry_control,266,SYMBOL,""";""",""";""",837,838,837,838,23,33,23,34
geometry_control,267,WHITESPACE,"""\n""","""\n""",838,839,838,839,23,34,24,1
geometry_control,268,ENTITY_REFERENCE,"""#17""","""#17""",839,842,839,842,24,1,24,4
geometry_control,269,SYMBOL,"""=""","""=""",842,843,842,843,24,4,24,5
geometry_control,270,IDENTIFIER,"""DIRECTION""","""DIRECTION""",843,852,843,852,24,5,24,14
geometry_control,271,SYMBOL,"""(""","""(""",852,853,852,853,24,14,24,15
geometry_control,272,STRING,"""''""","""""",853,855,853,855,24,15,24,17
geometry_control,273,SYMBOL,""",""",""",""",855,856,855,856,24,17,24,18
geometry_control,274,SYMBOL,"""(""","""(""",856,857,856,857,24,18,24,19
geometry_control,275,NUMBER,"""0.000000""","""0.000000""",857,865,857,865,24,19,24,27
geometry_control,276,SYMBOL,""",""",""",""",865,866,865,866,24,27,24,28
geometry_control,277,NUMBER,"""0.000000""","""0.000000""",866,874,866,874,24,28,24,36
geometry_control,278,SYMBOL,""",""",""",""",874,875,874,875,24,36,24,37
geometry_control,279,NUMBER,"""1.000000""","""1.000000""",875,883,875,883,24,37,24,45
geometry_control,280,SYMBOL,""")""",""")""",883,884,883,884,24,45,24,46
geometry_control,281,SYMBOL,""")""",""")""",884,885,884,885,24,46,24,47
geometry_control,282,SYMBOL,""";""",""";""",885,886,885,886,24,47,24,48
geometry_control,283,WHITESPACE,"""\n""","""\n""",886,887,886,887,24,48,25,1
geometry_control,284,ENTITY_REFERENCE,"""#18""","""#18""",887,890,887,890,25,1,25,4
geometry_control,285,SYMBOL,"""=""","""=""",890,891,890,891,25,4,25,5
geometry_control,286,IDENTIFIER,"""VECTOR""","""VECTOR""",891,897,891,897,25,5,25,11
geometry_control,287,SYMBOL,"""(""","""(""",897,898,897,898,25,11,25,12
geometry_control,288,STRING,"""''""","""""",898,900,898,900,25,12,25,14
geometry_control,289,SYMBOL,""",""",""",""",900,901,900,901,25,14,25,15
geometry_control,290,ENTITY_REFERENCE,"""#17""","""#17""",901,904,901,904,25,15,25,18
geometry_control,291,SYMBOL,""",""",""",""",904,905,904,905,25,18,25,19
geometry_control,292,NUMBER,"""1.000000""","""1.000000""",905,913,905,913,25,19,25,27
geometry_control,293,SYMBOL,""")""",""")""",913,914,913,914,25,27,25,28
geometry_control,294,SYMBOL,""";""",""";""",914,915,914,915,25,28,25,29
geometry_control,295,WHITESPACE,"""\n""","""\n""",915,916,915,916,25,29,26,1
geometry_control,296,ENTITY_REFERENCE,"""#19""","""#19""",916,919,916,919,26,1,26,4
geometry_control,297,SYMBOL,"""=""","""=""",919,920,919,920,26,4,26,5
geometry_control,298,IDENTIFIER,"""LINE""","""LINE""",920,924,920,924,26,5,26,9
geometry_control,299,SYMBOL,"""(""","""(""",924,925,924,925,26,9,26,10
geometry_control,300,STRING,"""''""","""""",925,927,925,927,26,10,26,12
geometry_control,301,SYMBOL,""",""",""",""",927,928,927,928,26,12,26,13
geometry_control,302,ENTITY_REFERENCE,"""#1""","""#1""",928,930,928,930,26,13,26,15
geometry_control,303,SYMBOL,""",""",""",""",930,931,930,931,26,15,26,16
geometry_control,304,ENTITY_REFERENCE,"""#18""","""#18""",931,934,931,934,26,16,26,19
geometry_control,305,SYMBOL,""")""",""")""",934,935,934,935,26,19,26,20
geometry_control,306,SYMBOL,""";""",""";""",935,936,935,936,26,20,26,21
geometry_control,307,WHITESPACE,"""\n""","""\n""",936,937,936,937,26,21,27,1
geometry_control,308,ENTITY_REFERENCE,"""#20""","""#20""",937,940,937,940,27,1,27,4
geometry_control,309,SYMBOL,"""=""","""=""",940,941,940,941,27,4,27,5
geometry_control,310,IDENTIFIER,"""EDGE_CURVE""","""EDGE_CURVE""",941,951,941,951,27,5,27,15
geometry_control,311,SYMBOL,"""(""","""(""",951,952,951,952,27,15,27,16
geometry_control,312,STRING,"""''""","""""",952,954,952,954,27,16,27,18
geometry_control,313,SYMBOL,""",""",""",""",954,955,954,955,27,18,27,19
geometry_control,314,ENTITY_REFERENCE,"""#2""","""#2""",955,957,955,957,27,19,27,21
geometry_control,315,SYMBOL,""",""",""",""",957,958,957,958,27,21,27,22
geometry_control,316,ENTITY_REFERENCE,"""#8""","""#8""",958,960,958,960,27,22,27,24
geometry_control,317,SYMBOL,""",""",""",""",960,961,960,961,27,24,27,25
geometry_control,318,ENTITY_REFERENCE,"""#19""","""#19""",961,964,961,964,27,25,27,28
geometry_control,319,SYMBOL,""",""",""",""",964,965,964,965,27,28,27,29
geometry_control,320,ENUMERATION,""".T.""","""T""",965,968,965,968,27,29,27,32
geometry_control,321,SYMBOL,""")""",""")""",968,969,968,969,27,32,27,33
geometry_control,322,SYMBOL,""";""",""";""",969,970,969,970,27,33,27,34
geometry_control,323,WHITESPACE,"""\n""","""\n""",970,971,970,971,27,34,28,1
geometry_control,324,ENTITY_REFERENCE,"""#21""","""#21""",971,974,971,974,28,1,28,4
geometry_control,325,SYMBOL,"""=""","""=""",974,975,974,975,28,4,28,5
geometry_control,326,IDENTIFIER,"""DIRECTION""","""DIRECTION""",975,984,975,984,28,5,28,14
geometry_control,327,SYMBOL,"""(""","""(""",984,985,984,985,28,14,28,15
geometry_control,328,STRING,"""''""","""""",985,987,985,987,28,15,28,17
geometry_control,329,SYMBOL,""",""",""",""",987,988,987,988,28,17,28,18
geometry_control,330,SYMBOL,"""(""","""(""",988,989,988,989,28,18,28,19
geometry_control,331,NUMBER,"""-0.707107""","""-0.707107""",989,998,989,998,28,19,28,28
geometry_control,332,SYMBOL,""",""",""",""",998,999,998,999,28,28,28,29
geometry_control,333,NUMBER,"""0.707107""","""0.707107""",999,1007,999,1007,28,29,28,37
geometry_control,334,SYMBOL,""",""",""",""",1007,1008,1007,1008,28,37,28,38
geometry_control,335,NUMBER,"""0.000000""","""0.000000""",1008,1016,1008,1016,28,38,28,46
geometry_control,336,SYMBOL,""")""",""")""",1016,1017,1016,1017,28,46,28,47
geometry_control,337,SYMBOL,""")""",""")""",1017,1018,1017,1018,28,47,28,48
geometry_control,338,SYMBOL,""";""",""";""",1018,1019,1018,1019,28,48,28,49
geometry_control,339,WHITESPACE,"""\n""","""\n""",1019,1020,1019,1020,28,49,29,1
geometry_control,340,ENTITY_REFERENCE,"""#22""","""#22""",1020,1023,1020,1023,29,1,29,4
geometry_control,341,SYMBOL,"""=""","""=""",1023,1024,1023,1024,29,4,29,5
geometry_control,342,IDENTIFIER,"""VECTOR""","""VECTOR""",1024,1030,1024,1030,29,5,29,11
geometry_control,343,SYMBOL,"""(""","""(""",1030,1031,1030,1031,29,11,29,12
geometry_control,344,STRING,"""''""","""""",1031,1033,1031,1033,29,12,29,14
geometry_control,345,SYMBOL,""",""",""",""",1033,1034,1033,1034,29,14,29,15
geometry_control,346,ENTITY_REFERENCE,"""#21""","""#21""",1034,1037,1034,1037,29,15,29,18
geometry_control,347,SYMBOL,""",""",""",""",1037,1038,1037,1038,29,18,29,19
geometry_control,348,NUMBER,"""1.414214""","""1.414214""",1038,1046,1038,1046,29,19,29,27
geometry_control,349,SYMBOL,""")""",""")""",1046,1047,1046,1047,29,27,29,28
geometry_control,350,SYMBOL,""";""",""";""",1047,1048,1047,1048,29,28,29,29
geometry_control,351,WHITESPACE,"""\n""","""\n""",1048,1049,1048,1049,29,29,30,1
geometry_control,352,ENTITY_REFERENCE,"""#23""","""#23""",1049,1052,1049,1052,30,1,30,4
geometry_control,353,SYMBOL,"""=""","""=""",1052,1053,1052,1053,30,4,30,5
geometry_control,354,IDENTIFIER,"""LINE""","""LINE""",1053,1057,1053,1057,30,5,30,9
geometry_control,355,SYMBOL,"""(""","""(""",1057,1058,1057,1058,30,9,30,10
geometry_control,356,STRING,"""''""","""""",1058,1060,1058,1060,30,10,30,12
geometry_control,357,SYMBOL,""",""",""",""",1060,1061,1060,1061,30,12,30,13
geometry_control,358,ENTITY_REFERENCE,"""#3""","""#3""",1061,1063,1061,1063,30,13,30,15
geometry_control,359,SYMBOL,""",""",""",""",1063,1064,1063,1064,30,15,30,16
geometry_control,360,ENTITY_REFERENCE,"""#22""","""#22""",1064,1067,1064,1067,30,16,30,19
geometry_control,361,SYMBOL,""")""",""")""",1067,1068,1067,1068,30,19,30,20
geometry_control,362,SYMBOL,""";""",""";""",1068,1069,1068,1069,30,20,30,21
geometry_control,363,WHITESPACE,"""\n""","""\n""",1069,1070,1069,1070,30,21,31,1
geometry_control,364,ENTITY_REFERENCE,"""#24""","""#24""",1070,1073,1070,1073,31,1,31,4
geometry_control,365,SYMBOL,"""=""","""=""",1073,1074,1073,1074,31,4,31,5
geometry_control,366,IDENTIFIER,"""EDGE_CURVE""","""EDGE_CURVE""",1074,1084,1074,1084,31,5,31,15
geometry_control,367,SYMBOL,"""(""","""(""",1084,1085,1084,1085,31,15,31,16
geometry_control,368,STRING,"""''""","""""",1085,1087,1085,1087,31,16,31,18
geometry_control,369,SYMBOL,""",""",""",""",1087,1088,1087,1088,31,18,31,19
geometry_control,370,ENTITY_REFERENCE,"""#4""","""#4""",1088,1090,1088,1090,31,19,31,21
geometry_control,371,SYMBOL,""",""",""",""",1090,1091,1090,1091,31,21,31,22
geometry_control,372,ENTITY_REFERENCE,"""#6""","""#6""",1091,1093,1091,1093,31,22,31,24
geometry_control,373,SYMBOL,""",""",""",""",1093,1094,1093,1094,31,24,31,25
geometry_control,374,ENTITY_REFERENCE,"""#23""","""#23""",1094,1097,1094,1097,31,25,31,28
geometry_control,375,SYMBOL,""",""",""",""",1097,1098,1097,1098,31,28,31,29
geometry_control,376,ENUMERATION,""".T.""","""T""",1098,1101,1098,1101,31,29,31,32
geometry_control,377,SYMBOL,""")""",""")""",1101,1102,1101,1102,31,32,31,33
geometry_control,378,SYMBOL,""";""",""";""",1102,1103,1102,1103,31,33,31,34
geometry_control,379,WHITESPACE,"""\n""","""\n""",1103,1104,1103,1104,31,34,32,1
geometry_control,380,ENTITY_REFERENCE,"""#25""","""#25""",1104,1107,1104,1107,32,1,32,4
geometry_control,381,SYMBOL,"""=""","""=""",1107,1108,1107,1108,32,4,32,5
geometry_control,382,IDENTIFIER,"""DIRECTION""","""DIRECTION""",1108,1117,1108,1117,32,5,32,14
geometry_control,383,SYMBOL,"""(""","""(""",1117,1118,1117,1118,32,14,32,15
geometry_control,384,STRING,"""''""","""""",1118,1120,1118,1120,32,15,32,17
geometry_control,385,SYMBOL,""",""",""",""",1120,1121,1120,1121,32,17,32,18
geometry_control,386,SYMBOL,"""(""","""(""",1121,1122,1121,1122,32,18,32,19
geometry_control,387,NUMBER,"""-0.707107""","""-0.707107""",1122,1131,1122,1131,32,19,32,28
geometry_control,388,SYMBOL,""",""",""",""",1131,1132,1131,1132,32,28,32,29
geometry_control,389,NUMBER,"""0.000000""","""0.000000""",1132,1140,1132,1140,32,29,32,37
geometry_control,390,SYMBOL,""",""",""",""",1140,1141,1140,1141,32,37,32,38
geometry_control,391,NUMBER,"""0.707107""","""0.707107""",1141,1149,1141,1149,32,38,32,46
geometry_control,392,SYMBOL,""")""",""")""",1149,1150,1149,1150,32,46,32,47
geometry_control,393,SYMBOL,""")""",""")""",1150,1151,1150,1151,32,47,32,48
geometry_control,394,SYMBOL,""";""",""";""",1151,1152,1151,1152,32,48,32,49
geometry_control,395,WHITESPACE,"""\n""","""\n""",1152,1153,1152,1153,32,49,33,1
geometry_control,396,ENTITY_REFERENCE,"""#26""","""#26""",1153,1156,1153,1156,33,1,33,4
geometry_control,397,SYMBOL,"""=""","""=""",1156,1157,1156,1157,33,4,33,5
geometry_control,398,IDENTIFIER,"""VECTOR""","""VECTOR""",1157,1163,1157,1163,33,5,33,11
geometry_control,399,SYMBOL,"""(""","""(""",1163,1164,1163,1164,33,11,33,12
geometry_control,400,STRING,"""''""","""""",1164,1166,1164,1166,33,12,33,14
geometry_control,401,SYMBOL,""",""",""",""",1166,1167,1166,1167,33,14,33,15
geometry_control,402,ENTITY_REFERENCE,"""#25""","""#25""",1167,1170,1167,1170,33,15,33,18
geometry_control,403,SYMBOL,""",""",""",""",1170,1171,1170,1171,33,18,33,19
geometry_control,404,NUMBER,"""1.414214""","""1.414214""",1171,1179,1171,1179,33,19,33,27
geometry_control,405,SYMBOL,""")""",""")""",1179,1180,1179,1180,33,27,33,28
geometry_control,406,SYMBOL,""";""",""";""",1180,1181,1180,1181,33,28,33,29
geometry_control,407,WHITESPACE,"""\n""","""\n""",1181,1182,1181,1182,33,29,34,1
geometry_control,408,ENTITY_REFERENCE,"""#27""","""#27""",1182,1185,1182,1185,34,1,34,4
geometry_control,409,SYMBOL,"""=""","""=""",1185,1186,1185,1186,34,4,34,5
geometry_control,410,IDENTIFIER,"""LINE""","""LINE""",1186,1190,1186,1190,34,5,34,9
geometry_control,411,SYMBOL,"""(""","""(""",1190,1191,1190,1191,34,9,34,10
geometry_control,412,STRING,"""''""","""""",1191,1193,1191,1193,34,10,34,12
geometry_control,413,SYMBOL,""",""",""",""",1193,1194,1193,1194,34,12,34,13
geometry_control,414,ENTITY_REFERENCE,"""#3""","""#3""",1194,1196,1194,1196,34,13,34,15
geometry_control,415,SYMBOL,""",""",""",""",1196,1197,1196,1197,34,15,34,16
geometry_control,416,ENTITY_REFERENCE,"""#26""","""#26""",1197,1200,1197,1200,34,16,34,19
geometry_control,417,SYMBOL,""")""",""")""",1200,1201,1200,1201,34,19,34,20
geometry_control,418,SYMBOL,""";""",""";""",1201,1202,1201,1202,34,20,34,21
geometry_control,419,WHITESPACE,"""\n""","""\n""",1202,1203,1202,1203,34,21,35,1
geometry_control,420,ENTITY_REFERENCE,"""#28""","""#28""",1203,1206,1203,1206,35,1,35,4
geometry_control,421,SYMBOL,"""=""","""=""",1206,1207,1206,1207,35,4,35,5
geometry_control,422,IDENTIFIER,"""EDGE_CURVE""","""EDGE_CURVE""",1207,1217,1207,1217,35,5,35,15
geometry_control,423,SYMBOL,"""(""","""(""",1217,1218,1217,1218,35,15,35,16
geometry_control,424,STRING,"""''""","""""",1218,1220,1218,1220,35,16,35,18
geometry_control,425,SYMBOL,""",""",""",""",1220,1221,1220,1221,35,18,35,19
geometry_control,426,ENTITY_REFERENCE,"""#4""","""#4""",1221,1223,1221,1223,35,19,35,21
geometry_control,427,SYMBOL,""",""",""",""",1223,1224,1223,1224,35,21,35,22
geometry_control,428,ENTITY_REFERENCE,"""#8""","""#8""",1224,1226,1224,1226,35,22,35,24
geometry_control,429,SYMBOL,""",""",""",""",1226,1227,1226,1227,35,24,35,25
geometry_control,430,ENTITY_REFERENCE,"""#27""","""#27""",1227,1230,1227,1230,35,25,35,28
geometry_control,431,SYMBOL,""",""",""",""",1230,1231,1230,1231,35,28,35,29
geometry_control,432,ENUMERATION,""".T.""","""T""",1231,1234,1231,1234,35,29,35,32
geometry_control,433,SYMBOL,""")""",""")""",1234,1235,1234,1235,35,32,35,33
geometry_control,434,SYMBOL,""";""",""";""",1235,1236,1235,1236,35,33,35,34
geometry_control,435,WHITESPACE,"""\n""","""\n""",1236,1237,1236,1237,35,34,36,1
geometry_control,436,ENTITY_REFERENCE,"""#29""","""#29""",1237,1240,1237,1240,36,1,36,4
geometry_control,437,SYMBOL,"""=""","""=""",1240,1241,1240,1241,36,4,36,5
geometry_control,438,IDENTIFIER,"""DIRECTION""","""DIRECTION""",1241,1250,1241,1250,36,5,36,14
geometry_control,439,SYMBOL,"""(""","""(""",1250,1251,1250,1251,36,14,36,15
geometry_control,440,STRING,"""''""","""""",1251,1253,1251,1253,36,15,36,17
geometry_control,441,SYMBOL,""",""",""",""",1253,1254,1253,1254,36,17,36,18
geometry_control,442,SYMBOL,"""(""","""(""",1254,1255,1254,1255,36,18,36,19
geometry_control,443,NUMBER,"""0.000000""","""0.000000""",1255,1263,1255,1263,36,19,36,27
geometry_control,444,SYMBOL,""",""",""",""",1263,1264,1263,1264,36,27,36,28
geometry_control,445,NUMBER,"""-0.707107""","""-0.707107""",1264,1273,1264,1273,36,28,36,37
geometry_control,446,SYMBOL,""",""",""",""",1273,1274,1273,1274,36,37,36,38
geometry_control,447,NUMBER,"""0.707107""","""0.707107""",1274,1282,1274,1282,36,38,36,46
geometry_control,448,SYMBOL,""")""",""")""",1282,1283,1282,1283,36,46,36,47
geometry_control,449,SYMBOL,""")""",""")""",1283,1284,1283,1284,36,47,36,48
geometry_control,450,SYMBOL,""";""",""";""",1284,1285,1284,1285,36,48,36,49
geometry_control,451,WHITESPACE,"""\n""","""\n""",1285,1286,1285,1286,36,49,37,1
geometry_control,452,ENTITY_REFERENCE,"""#30""","""#30""",1286,1289,1286,1289,37,1,37,4
geometry_control,453,SYMBOL,"""=""","""=""",1289,1290,1289,1290,37,4,37,5
geometry_control,454,IDENTIFIER,"""VECTOR""","""VECTOR""",1290,1296,1290,1296,37,5,37,11
geometry_control,455,SYMBOL,"""(""","""(""",1296,1297,1296,1297,37,11,37,12
geometry_control,456,STRING,"""''""","""""",1297,1299,1297,1299,37,12,37,14
geometry_control,457,SYMBOL,""",""",""",""",1299,1300,1299,1300,37,14,37,15
geometry_control,458,ENTITY_REFERENCE,"""#29""","""#29""",1300,1303,1300,1303,37,15,37,18
geometry_control,459,SYMBOL,""",""",""",""",1303,1304,1303,1304,37,18,37,19
geometry_control,460,NUMBER,"""1.414214""","""1.414214""",1304,1312,1304,1312,37,19,37,27
geometry_control,461,SYMBOL,""")""",""")""",1312,1313,1312,1313,37,27,37,28
geometry_control,462,SYMBOL,""";""",""";""",1313,1314,1313,1314,37,28,37,29
geometry_control,463,WHITESPACE,"""\n""","""\n""",1314,1315,1314,1315,37,29,38,1
geometry_control,464,ENTITY_REFERENCE,"""#31""","""#31""",1315,1318,1315,1318,38,1,38,4
geometry_control,465,SYMBOL,"""=""","""=""",1318,1319,1318,1319,38,4,38,5
geometry_control,466,IDENTIFIER,"""LINE""","""LINE""",1319,1323,1319,1323,38,5,38,9
geometry_control,467,SYMBOL,"""(""","""(""",1323,1324,1323,1324,38,9,38,10
geometry_control,468,STRING,"""''""","""""",1324,1326,1324,1326,38,10,38,12
geometry_control,469,SYMBOL,""",""",""",""",1326,1327,1326,1327,38,12,38,13
geometry_control,470,ENTITY_REFERENCE,"""#5""","""#5""",1327,1329,1327,1329,38,13,38,15
geometry_control,471,SYMBOL,""",""",""",""",1329,1330,1329,1330,38,15,38,16
geometry_control,472,ENTITY_REFERENCE,"""#30""","""#30""",1330,1333,1330,1333,38,16,38,19
geometry_control,473,SYMBOL,""")""",""")""",1333,1334,1333,1334,38,19,38,20
geometry_control,474,SYMBOL,""";""",""";""",1334,1335,1334,1335,38,20,38,21
geometry_control,475,WHITESPACE,"""\n""","""\n""",1335,1336,1335,1336,38,21,39,1
geometry_control,476,ENTITY_REFERENCE,"""#32""","""#32""",1336,1339,1336,1339,39,1,39,4
geometry_control,477,SYMBOL,"""=""","""=""",1339,1340,1339,1340,39,4,39,5
geometry_control,478,IDENTIFIER,"""EDGE_CURVE""","""EDGE_CURVE""",1340,1350,1340,1350,39,5,39,15
geometry_control,479,SYMBOL,"""(""","""(""",1350,1351,1350,1351,39,15,39,16
geometry_control,480,STRING,"""''""","""""",1351,1353,1351,1353,39,16,39,18
geometry_control,481,SYMBOL,""",""",""",""",1353,1354,1353,1354,39,18,39,19
geometry_control,482,ENTITY_REFERENCE,"""#6""","""#6""",1354,1356,1354,1356,39,19,39,21
geometry_control,483,SYMBOL,""",""",""",""",1356,1357,1356,1357,39,21,39,22
geometry_control,484,ENTITY_REFERENCE,"""#8""","""#8""",1357,1359,1357,1359,39,22,39,24
geometry_control,485,SYMBOL,""",""",""",""",1359,1360,1359,1360,39,24,39,25
geometry_control,486,ENTITY_REFERENCE,"""#31""","""#31""",1360,1363,1360,1363,39,25,39,28
geometry_control,487,SYMBOL,""",""",""",""",1363,1364,1363,1364,39,28,39,29
geometry_control,488,ENUMERATION,""".T.""","""T""",1364,1367,1364,1367,39,29,39,32
geometry_control,489,SYMBOL,""")""",""")""",1367,1368,1367,1368,39,32,39,33
geometry_control,490,SYMBOL,""";""",""";""",1368,1369,1368,1369,39,33,39,34
geometry_control,491,WHITESPACE,"""\n""","""\n""",1369,1370,1369,1370,39,34,40,1
geometry_control,492,ENTITY_REFERENCE,"""#33""","""#33""",1370,1373,1370,1373,40,1,40,4
geometry_control,493,SYMBOL,"""=""","""=""",1373,1374,1373,1374,40,4,40,5
geometry_control,494,IDENTIFIER,"""DIRECTION""","""DIRECTION""",1374,1383,1374,1383,40,5,40,14
geometry_control,495,SYMBOL,"""(""","""(""",1383,1384,1383,1384,40,14,40,15
geometry_control,496,STRING,"""''""","""""",1384,1386,1384,1386,40,15,40,17
geometry_control,497,SYMBOL,""",""",""",""",1386,1387,1386,1387,40,17,40,18
geometry_control,498,SYMBOL,"""(""","""(""",1387,1388,1387,1388,40,18,40,19
geometry_control,499,NUMBER,"""0.000000""","""0.000000""",1388,1396,1388,1396,40,19,40,27
geometry_control,500,SYMBOL,""",""",""",""",1396,1397,1396,1397,40,27,40,28
geometry_control,501,NUMBER,"""0.000000""","""0.000000""",1397,1405,1397,1405,40,28,40,36
geometry_control,502,SYMBOL,""",""",""",""",1405,1406,1405,1406,40,36,40,37
geometry_control,503,NUMBER,"""-1.000000""","""-1.000000""",1406,1415,1406,1415,40,37,40,46
geometry_control,504,SYMBOL,""")""",""")""",1415,1416,1415,1416,40,46,40,47
geometry_control,505,SYMBOL,""")""",""")""",1416,1417,1416,1417,40,47,40,48
geometry_control,506,SYMBOL,""";""",""";""",1417,1418,1417,1418,40,48,40,49
geometry_control,507,WHITESPACE,"""\n""","""\n""",1418,1419,1418,1419,40,49,41,1
geometry_control,508,ENTITY_REFERENCE,"""#34""","""#34""",1419,1422,1419,1422,41,1,41,4
geometry_control,509,SYMBOL,"""=""","""=""",1422,1423,1422,1423,41,4,41,5
geometry_control,510,IDENTIFIER,"""DIRECTION""","""DIRECTION""",1423,1432,1423,1432,41,5,41,14
geometry_control,511,SYMBOL,"""(""","""(""",1432,1433,1432,1433,41,14,41,15
geometry_control,512,STRING,"""''""","""""",1433,1435,1433,1435,41,15,41,17
geometry_control,513,SYMBOL,""",""",""",""",1435,1436,1435,1436,41,17,41,18
geometry_control,514,SYMBOL,"""(""","""(""",1436,1437,1436,1437,41,18,41,19
geometry_control,515,NUMBER,"""1.000000""","""1.000000""",1437,1445,1437,1445,41,19,41,27
geometry_control,516,SYMBOL,""",""",""",""",1445,1446,1445,1446,41,27,41,28
geometry_control,517,NUMBER,"""0.000000""","""0.000000""",1446,1454,1446,1454,41,28,41,36
geometry_control,518,SYMBOL,""",""",""",""",1454,1455,1454,1455,41,36,41,37
geometry_control,519,NUMBER,"""0.000000""","""0.000000""",1455,1463,1455,1463,41,37,41,45
geometry_control,520,SYMBOL,""")""",""")""",1463,1464,1463,1464,41,45,41,46
geometry_control,521,SYMBOL,""")""",""")""",1464,1465,1464,1465,41,46,41,47
geometry_control,522,SYMBOL,""";""",""";""",1465,1466,1465,1466,41,47,41,48
geometry_control,523,WHITESPACE,"""\n""","""\n""",1466,1467,1466,1467,41,48,42,1
geometry_control,524,ENTITY_REFERENCE,"""#35""","""#35""",1467,1470,1467,1470,42,1,42,4
geometry_control,525,SYMBOL,"""=""","""=""",1470,1471,1470,1471,42,4,42,5
geometry_control,526,IDENTIFIER,"""AXIS2_PLACEMENT_3D""","""AXIS2_PLACEMENT_3D""",1471,1489,1471,1489,42,5,42,23
geometry_control,527,SYMBOL,"""(""","""(""",1489,1490,1489,1490,42,23,42,24
geometry_control,528,STRING,"""''""","""""",1490,1492,1490,1492,42,24,42,26
geometry_control,529,SYMBOL,""",""",""",""",1492,1493,1492,1493,42,26,42,27
geometry_control,530,ENTITY_REFERENCE,"""#1""","""#1""",1493,1495,1493,1495,42,27,42,29
geometry_control,531,SYMBOL,""",""",""",""",1495,1496,1495,1496,42,29,42,30
geometry_control,532,ENTITY_REFERENCE,"""#33""","""#33""",1496,1499,1496,1499,42,30,42,33
geometry_control,533,SYMBOL,""",""",""",""",1499,1500,1499,1500,42,33,42,34
geometry_control,534,ENTITY_REFERENCE,"""#34""","""#34""",1500,1503,1500,1503,42,34,42,37
geometry_control,535,SYMBOL,""")""",""")""",1503,1504,1503,1504,42,37,42,38
geometry_control,536,SYMBOL,""";""",""";""",1504,1505,1504,1505,42,38,42,39
geometry_control,537,WHITESPACE,"""\n""","""\n""",1505,1506,1505,1506,42,39,43,1
geometry_control,538,ENTITY_REFERENCE,"""#36""","""#36""",1506,1509,1506,1509,43,1,43,4
geometry_control,539,SYMBOL,"""=""","""=""",1509,1510,1509,1510,43,4,43,5
geometry_control,540,IDENTIFIER,"""PLANE""","""PLANE""",1510,1515,1510,1515,43,5,43,10
geometry_control,541,SYMBOL,"""(""","""(""",1515,1516,1515,1516,43,10,43,11
geometry_control,542,STRING,"""''""","""""",1516,1518,1516,1518,43,11,43,13
geometry_control,543,SYMBOL,""",""",""",""",1518,1519,1518,1519,43,13,43,14
geometry_control,544,ENTITY_REFERENCE,"""#35""","""#35""",1519,1522,1519,1522,43,14,43,17
geometry_control,545,SYMBOL,""")""",""")""",1522,1523,1522,1523,43,17,43,18
geometry_control,546,SYMBOL,""";""",""";""",1523,1524,1523,1524,43,18,43,19
geometry_control,547,WHITESPACE,"""\n""","""\n""",1524,1525,1524,1525,43,19,44,1
geometry_control,548,ENTITY_REFERENCE,"""#37""","""#37""",1525,1528,1525,1528,44,1,44,4
geometry_control,549,SYMBOL,"""=""","""=""",1528,1529,1528,1529,44,4,44,5
geometry_control,550,IDENTIFIER,"""ORIENTED_EDGE""","""ORIENTED_EDGE""",1529,1542,1529,1542,44,5,44,18
geometry_control,551,SYMBOL,"""(""","""(""",1542,1543,1542,1543,44,18,44,19
geometry_control,552,STRING,"""''""","""""",1543,1545,1543,1545,44,19,44,21
geometry_control,553,SYMBOL,""",""",""",""",1545,1546,1545,1546,44,21,44,22
geometry_control,554,SYMBOL,"""*""","""*""",1546,1547,1546,1547,44,22,44,23
geometry_control,555,SYMBOL,""",""",""",""",1547,1548,1547,1548,44,23,44,24
geometry_control,556,SYMBOL,"""*""","""*""",1548,1549,1548,1549,44,24,44,25
geometry_control,557,SYMBOL,""",""",""",""",1549,1550,1549,1550,44,25,44,26
geometry_control,558,ENTITY_REFERENCE,"""#12""","""#12""",1550,1553,1550,1553,44,26,44,29
geometry_control,559,SYMBOL,""",""",""",""",1553,1554,1553,1554,44,29,44,30
geometry_control,560,ENUMERATION,""".T.""","""T""",1554,1557,1554,1557,44,30,44,33
geometry_control,561,SYMBOL,""")""",""")""",1557,1558,1557,1558,44,33,44,34
geometry_control,562,SYMBOL,""";""",""";""",1558,1559,1558,1559,44,34,44,35
geometry_control,563,WHITESPACE,"""\n""","""\n""",1559,1560,1559,1560,44,35,45,1
geometry_control,564,ENTITY_REFERENCE,"""#38""","""#38""",1560,1563,1560,1563,45,1,45,4
geometry_control,565,SYMBOL,"""=""","""=""",1563,1564,1563,1564,45,4,45,5
geometry_control,566,IDENTIFIER,"""ORIENTED_EDGE""","""ORIENTED_EDGE""",1564,1577,1564,1577,45,5,45,18
geometry_control,567,SYMBOL,"""(""","""(""",1577,1578,1577,1578,45,18,45,19
geometry_control,568,STRING,"""''""","""""",1578,1580,1578,1580,45,19,45,21
geometry_control,569,SYMBOL,""",""",""",""",1580,1581,1580,1581,45,21,45,22
geometry_control,570,SYMBOL,"""*""","""*""",1581,1582,1581,1582,45,22,45,23
geometry_control,571,SYMBOL,""",""",""",""",1582,1583,1582,1583,45,23,45,24
geometry_control,572,SYMBOL,"""*""","""*""",1583,1584,1583,1584,45,24,45,25
geometry_control,573,SYMBOL,""",""",""",""",1584,1585,1584,1585,45,25,45,26
geometry_control,574,ENTITY_REFERENCE,"""#24""","""#24""",1585,1588,1585,1588,45,26,45,29
geometry_control,575,SYMBOL,""",""",""",""",1588,1589,1588,1589,45,29,45,30
geometry_control,576,ENUMERATION,""".T.""","""T""",1589,1592,1589,1592,45,30,45,33
geometry_control,577,SYMBOL,""")""",""")""",1592,1593,1592,1593,45,33,45,34
geometry_control,578,SYMBOL,""";""",""";""",1593,1594,1593,1594,45,34,45,35
geometry_control,579,WHITESPACE,"""\n""","""\n""",1594,1595,1594,1595,45,35,46,1
geometry_control,580,ENTITY_REFERENCE,"""#39""","""#39""",1595,1598,1595,1598,46,1,46,4
geometry_control,581,SYMBOL,"""=""","""=""",1598,1599,1598,1599,46,4,46,5
geometry_control,582,IDENTIFIER,"""ORIENTED_EDGE""","""ORIENTED_EDGE""",1599,1612,1599,1612,46,5,46,18
geometry_control,583,SYMBOL,"""(""","""(""",1612,1613,1612,1613,46,18,46,19
geometry_control,584,STRING,"""''""","""""",1613,1615,1613,1615,46,19,46,21
geometry_control,585,SYMBOL,""",""",""",""",1615,1616,1615,1616,46,21,46,22
geometry_control,586,SYMBOL,"""*""","""*""",1616,1617,1616,1617,46,22,46,23
geometry_control,587,SYMBOL,""",""",""",""",1617,1618,1617,1618,46,23,46,24
geometry_control,588,SYMBOL,"""*""","""*""",1618,1619,1618,1619,46,24,46,25
geometry_control,589,SYMBOL,""",""",""",""",1619,1620,1619,1620,46,25,46,26
geometry_control,590,ENTITY_REFERENCE,"""#16""","""#16""",1620,1623,1620,1623,46,26,46,29
geometry_control,591,SYMBOL,""",""",""",""",1623,1624,1623,1624,46,29,46,30
geometry_control,592,ENUMERATION,""".F.""","""F""",1624,1627,1624,1627,46,30,46,33
geometry_control,593,SYMBOL,""")""",""")""",1627,1628,1627,1628,46,33,46,34
geometry_control,594,SYMBOL,""";""",""";""",1628,1629,1628,1629,46,34,46,35
geometry_control,595,WHITESPACE,"""\n""","""\n""",1629,1630,1629,1630,46,35,47,1
geometry_control,596,ENTITY_REFERENCE,"""#40""","""#40""",1630,1633,1630,1633,47,1,47,4
geometry_control,597,SYMBOL,"""=""","""=""",1633,1634,1633,1634,47,4,47,5
geometry_control,598,IDENTIFIER,"""EDGE_LOOP""","""EDGE_LOOP""",1634,1643,1634,1643,47,5,47,14
geometry_control,599,SYMBOL,"""(""","""(""",1643,1644,1643,1644,47,14,47,15
geometry_control,600,STRING,"""''""","""""",1644,1646,1644,1646,47,15,47,17
geometry_control,601,SYMBOL,""",""",""",""",1646,1647,1646,1647,47,17,47,18
geometry_control,602,SYMBOL,"""(""","""(""",1647,1648,1647,1648,47,18,47,19
geometry_control,603,ENTITY_REFERENCE,"""#37""","""#37""",1648,1651,1648,1651,47,19,47,22
geometry_control,604,SYMBOL,""",""",""",""",1651,1652,1651,1652,47,22,47,23
geometry_control,605,ENTITY_REFERENCE,"""#38""","""#38""",1652,1655,1652,1655,47,23,47,26
geometry_control,606,SYMBOL,""",""",""",""",1655,1656,1655,1656,47,26,47,27
geometry_control,607,ENTITY_REFERENCE,"""#39""","""#39""",1656,1659,1656,1659,47,27,47,30
geometry_control,608,SYMBOL,""")""",""")""",1659,1660,1659,1660,47,30,47,31
geometry_control,609,SYMBOL,""")""",""")""",1660,1661,1660,1661,47,31,47,32
geometry_control,610,SYMBOL,""";""",""";""",1661,1662,1661,1662,47,32,47,33
geometry_control,611,WHITESPACE,"""\n""","""\n""",1662,1663,1662,1663,47,33,48,1
geometry_control,612,ENTITY_REFERENCE,"""#41""","""#41""",1663,1666,1663,1666,48,1,48,4
geometry_control,613,SYMBOL,"""=""","""=""",1666,1667,1666,1667,48,4,48,5
geometry_control,614,IDENTIFIER,"""FACE_OUTER_BOUND""","""FACE_OUTER_BOUND""",1667,1683,1667,1683,48,5,48,21
geometry_control,615,SYMBOL,"""(""","""(""",1683,1684,1683,1684,48,21,48,22
geometry_control,616,STRING,"""''""","""""",1684,1686,1684,1686,48,22,48,24
geometry_control,617,SYMBOL,""",""",""",""",1686,1687,1686,1687,48,24,48,25
geometry_control,618,ENTITY_REFERENCE,"""#40""","""#40""",1687,1690,1687,1690,48,25,48,28
geometry_control,619,SYMBOL,""",""",""",""",1690,1691,1690,1691,48,28,48,29
geometry_control,620,ENUMERATION,""".T.""","""T""",1691,1694,1691,1694,48,29,48,32
geometry_control,621,SYMBOL,""")""",""")""",1694,1695,1694,1695,48,32,48,33
geometry_control,622,SYMBOL,""";""",""";""",1695,1696,1695,1696,48,33,48,34
geometry_control,623,WHITESPACE,"""\n""","""\n""",1696,1697,1696,1697,48,34,49,1
geometry_control,624,ENTITY_REFERENCE,"""#42""","""#42""",1697,1700,1697,1700,49,1,49,4
geometry_control,625,SYMBOL,"""=""","""=""",1700,1701,1700,1701,49,4,49,5
geometry_control,626,IDENTIFIER,"""ADVANCED_FACE""","""ADVANCED_FACE""",1701,1714,1701,1714,49,5,49,18
geometry_control,627,SYMBOL,"""(""","""(""",1714,1715,1714,1715,49,18,49,19
geometry_control,628,STRING,"""''""","""""",1715,1717,1715,1717,49,19,49,21
geometry_control,629,SYMBOL,""",""",""",""",1717,1718,1717,1718,49,21,49,22
geometry_control,630,SYMBOL,"""(""","""(""",1718,1719,1718,1719,49,22,49,23
geometry_control,631,ENTITY_REFERENCE,"""#41""","""#41""",1719,1722,1719,1722,49,23,49,26
geometry_control,632,SYMBOL,""")""",""")""",1722,1723,1722,1723,49,26,49,27
geometry_control,633,SYMBOL,""",""",""",""",1723,1724,1723,1724,49,27,49,28
geometry_control,634,ENTITY_REFERENCE,"""#36""","""#36""",1724,1727,1724,1727,49,28,49,31
geometry_control,635,SYMBOL,""",""",""",""",1727,1728,1727,1728,49,31,49,32
geometry_control,636,ENUMERATION,""".T.""","""T""",1728,1731,1728,1731,49,32,49,35
geometry_control,637,SYMBOL,""")""",""")""",1731,1732,1731,1732,49,35,49,36
geometry_control,638,SYMBOL,""";""",""";""",1732,1733,1732,1733,49,36,49,37
geometry_control,639,WHITESPACE,"""\n""","""\n""",1733,1734,1733,1734,49,37,50,1
geometry_control,640,ENTITY_REFERENCE,"""#43""","""#43""",1734,1737,1734,1737,50,1,50,4
geometry_control,641,SYMBOL,"""=""","""=""",1737,1738,1737,1738,50,4,50,5
geometry_control,642,IDENTIFIER,"""DIRECTION""","""DIRECTION""",1738,1747,1738,1747,50,5,50,14
geometry_control,643,SYMBOL,"""(""","""(""",1747,1748,1747,1748,50,14,50,15
geometry_control,644,STRING,"""''""","""""",1748,1750,1748,1750,50,15,50,17
geometry_control,645,SYMBOL,""",""",""",""",1750,1751,1750,1751,50,17,50,18
geometry_control,646,SYMBOL,"""(""","""(""",1751,1752,1751,1752,50,18,50,19
geometry_control,647,NUMBER,"""0.000000""","""0.000000""",1752,1760,1752,1760,50,19,50,27
geometry_control,648,SYMBOL,""",""",""",""",1760,1761,1760,1761,50,27,50,28
geometry_control,649,NUMBER,"""-1.000000""","""-1.000000""",1761,1770,1761,1770,50,28,50,37
geometry_control,650,SYMBOL,""",""",""",""",1770,1771,1770,1771,50,37,50,38
geometry_control,651,NUMBER,"""0.000000""","""0.000000""",1771,1779,1771,1779,50,38,50,46
geometry_control,652,SYMBOL,""")""",""")""",1779,1780,1779,1780,50,46,50,47
geometry_control,653,SYMBOL,""")""",""")""",1780,1781,1780,1781,50,47,50,48
geometry_control,654,SYMBOL,""";""",""";""",1781,1782,1781,1782,50,48,50,49
geometry_control,655,WHITESPACE,"""\n""","""\n""",1782,1783,1782,1783,50,49,51,1
geometry_control,656,ENTITY_REFERENCE,"""#44""","""#44""",1783,1786,1783,1786,51,1,51,4
geometry_control,657,SYMBOL,"""=""","""=""",1786,1787,1786,1787,51,4,51,5
geometry_control,658,IDENTIFIER,"""DIRECTION""","""DIRECTION""",1787,1796,1787,1796,51,5,51,14
geometry_control,659,SYMBOL,"""(""","""(""",1796,1797,1796,1797,51,14,51,15
geometry_control,660,STRING,"""''""","""""",1797,1799,1797,1799,51,15,51,17
geometry_control,661,SYMBOL,""",""",""",""",1799,1800,1799,1800,51,17,51,18
geometry_control,662,SYMBOL,"""(""","""(""",1800,1801,1800,1801,51,18,51,19
geometry_control,663,NUMBER,"""1.000000""","""1.000000""",1801,1809,1801,1809,51,19,51,27
geometry_control,664,SYMBOL,""",""",""",""",1809,1810,1809,1810,51,27,51,28
geometry_control,665,NUMBER,"""0.000000""","""0.000000""",1810,1818,1810,1818,51,28,51,36
geometry_control,666,SYMBOL,""",""",""",""",1818,1819,1818,1819,51,36,51,37
geometry_control,667,NUMBER,"""0.000000""","""0.000000""",1819,1827,1819,1827,51,37,51,45
geometry_control,668,SYMBOL,""")""",""")""",1827,1828,1827,1828,51,45,51,46
geometry_control,669,SYMBOL,""")""",""")""",1828,1829,1828,1829,51,46,51,47
geometry_control,670,SYMBOL,""";""",""";""",1829,1830,1829,1830,51,47,51,48
geometry_control,671,WHITESPACE,"""\n""","""\n""",1830,1831,1830,1831,51,48,52,1
geometry_control,672,ENTITY_REFERENCE,"""#45""","""#45""",1831,1834,1831,1834,52,1,52,4
geometry_control,673,SYMBOL,"""=""","""=""",1834,1835,1834,1835,52,4,52,5
geometry_control,674,IDENTIFIER,"""AXIS2_PLACEMENT_3D""","""AXIS2_PLACEMENT_3D""",1835,1853,1835,1853,52,5,52,23
geometry_control,675,SYMBOL,"""(""","""(""",1853,1854,1853,1854,52,23,52,24
geometry_control,676,STRING,"""''""","""""",1854,1856,1854,1856,52,24,52,26
geometry_control,677,SYMBOL,""",""",""",""",1856,1857,1856,1857,52,26,52,27
geometry_control,678,ENTITY_REFERENCE,"""#1""","""#1""",1857,1859,1857,1859,52,27,52,29
geometry_control,679,SYMBOL,""",""",""",""",1859,1860,1859,1860,52,29,52,30
geometry_control,680,ENTITY_REFERENCE,"""#43""","""#43""",1860,1863,1860,1863,52,30,52,33
geometry_control,681,SYMBOL,""",""",""",""",1863,1864,1863,1864,52,33,52,34
geometry_control,682,ENTITY_REFERENCE,"""#44""","""#44""",1864,1867,1864,1867,52,34,52,37
geometry_control,683,SYMBOL,""")""",""")""",1867,1868,1867,1868,52,37,52,38
geometry_control,684,SYMBOL,""";""",""";""",1868,1869,1868,1869,52,38,52,39
geometry_control,685,WHITESPACE,"""\n""","""\n""",1869,1870,1869,1870,52,39,53,1
geometry_control,686,ENTITY_REFERENCE,"""#46""","""#46""",1870,1873,1870,1873,53,1,53,4
geometry_control,687,SYMBOL,"""=""","""=""",1873,1874,1873,1874,53,4,53,5
geometry_control,688,IDENTIFIER,"""PLANE""","""PLANE""",1874,1879,1874,1879,53,5,53,10
geometry_control,689,SYMBOL,"""(""","""(""",1879,1880,1879,1880,53,10,53,11
geometry_control,690,STRING,"""''""","""""",1880,1882,1880,1882,53,11,53,13
geometry_control,691,SYMBOL,""",""",""",""",1882,1883,1882,1883,53,13,53,14
geometry_control,692,ENTITY_REFERENCE,"""#45""","""#45""",1883,1886,1883,1886,53,14,53,17
geometry_control,693,SYMBOL,""")""",""")""",1886,1887,1886,1887,53,17,53,18
geometry_control,694,SYMBOL,""";""",""";""",1887,1888,1887,1888,53,18,53,19
geometry_control,695,WHITESPACE,"""\n""","""\n""",1888,1889,1888,1889,53,19,54,1
geometry_control,696,ENTITY_REFERENCE,"""#47""","""#47""",1889,1892,1889,1892,54,1,54,4
geometry_control,697,SYMBOL,"""=""","""=""",1892,1893,1892,1893,54,4,54,5
geometry_control,698,IDENTIFIER,"""ORIENTED_EDGE""","""ORIENTED_EDGE""",1893,1906,1893,1906,54,5,54,18
geometry_control,699,SYMBOL,"""(""","""(""",1906,1907,1906,1907,54,18,54,19
geometry_control,700,STRING,"""''""","""""",1907,1909,1907,1909,54,19,54,21
geometry_control,701,SYMBOL,""",""",""",""",1909,1910,1909,1910,54,21,54,22
geometry_control,702,SYMBOL,"""*""","""*""",1910,1911,1910,1911,54,22,54,23
geometry_control,703,SYMBOL,""",""",""",""",1911,1912,1911,1912,54,23,54,24
geometry_control,704,SYMBOL,"""*""","""*""",1912,1913,1912,1913,54,24,54,25
geometry_control,705,SYMBOL,""",""",""",""",1913,1914,1913,1914,54,25,54,26
geometry_control,706,ENTITY_REFERENCE,"""#12""","""#12""",1914,1917,1914,1917,54,26,54,29
geometry_control,707,SYMBOL,""",""",""",""",1917,1918,1917,1918,54,29,54,30
geometry_control,708,ENUMERATION,""".T.""","""T""",1918,1921,1918,1921,54,30,54,33
geometry_control,709,SYMBOL,""")""",""")""",1921,1922,1921,1922,54,33,54,34
geometry_control,710,SYMBOL,""";""",""";""",1922,1923,1922,1923,54,34,54,35
geometry_control,711,WHITESPACE,"""\n""","""\n""",1923,1924,1923,1924,54,35,55,1
geometry_control,712,ENTITY_REFERENCE,"""#48""","""#48""",1924,1927,1924,1927,55,1,55,4
geometry_control,713,SYMBOL,"""=""","""=""",1927,1928,1927,1928,55,4,55,5
geometry_control,714,IDENTIFIER,"""ORIENTED_EDGE""","""ORIENTED_EDGE""",1928,1941,1928,1941,55,5,55,18
geometry_control,715,SYMBOL,"""(""","""(""",1941,1942,1941,1942,55,18,55,19
geometry_control,716,STRING,"""''""","""""",1942,1944,1942,1944,55,19,55,21
geometry_control,717,SYMBOL,""",""",""",""",1944,1945,1944,1945,55,21,55,22
geometry_control,718,SYMBOL,"""*""","""*""",1945,1946,1945,1946,55,22,55,23
geometry_control,719,SYMBOL,""",""",""",""",1946,1947,1946,1947,55,23,55,24
geometry_control,720,SYMBOL,"""*""","""*""",1947,1948,1947,1948,55,24,55,25
geometry_control,721,SYMBOL,""",""",""",""",1948,1949,1948,1949,55,25,55,26
geometry_control,722,ENTITY_REFERENCE,"""#28""","""#28""",1949,1952,1949,1952,55,26,55,29
geometry_control,723,SYMBOL,""",""",""",""",1952,1953,1952,1953,55,29,55,30
geometry_control,724,ENUMERATION,""".T.""","""T""",1953,1956,1953,1956,55,30,55,33
geometry_control,725,SYMBOL,""")""",""")""",1956,1957,1956,1957,55,33,55,34
geometry_control,726,SYMBOL,""";""",""";""",1957,1958,1957,1958,55,34,55,35
geometry_control,727,WHITESPACE,"""\n""","""\n""",1958,1959,1958,1959,55,35,56,1
geometry_control,728,ENTITY_REFERENCE,"""#49""","""#49""",1959,1962,1959,1962,56,1,56,4
geometry_control,729,SYMBOL,"""=""","""=""",1962,1963,1962,1963,56,4,56,5
geometry_control,730,IDENTIFIER,"""ORIENTED_EDGE""","""ORIENTED_EDGE""",1963,1976,1963,1976,56,5,56,18
geometry_control,731,SYMBOL,"""(""","""(""",1976,1977,1976,1977,56,18,56,19
geometry_control,732,STRING,"""''""","""""",1977,1979,1977,1979,56,19,56,21
geometry_control,733,SYMBOL,""",""",""",""",1979,1980,1979,1980,56,21,56,22
geometry_control,734,SYMBOL,"""*""","""*""",1980,1981,1980,1981,56,22,56,23
geometry_control,735,SYMBOL,""",""",""",""",1981,1982,1981,1982,56,23,56,24
geometry_control,736,SYMBOL,"""*""","""*""",1982,1983,1982,1983,56,24,56,25
geometry_control,737,SYMBOL,""",""",""",""",1983,1984,1983,1984,56,25,56,26
geometry_control,738,ENTITY_REFERENCE,"""#20""","""#20""",1984,1987,1984,1987,56,26,56,29
geometry_control,739,SYMBOL,""",""",""",""",1987,1988,1987,1988,56,29,56,30
geometry_control,740,ENUMERATION,""".F.""","""F""",1988,1991,1988,1991,56,30,56,33
geometry_control,741,SYMBOL,""")""",""")""",1991,1992,1991,1992,56,33,56,34
geometry_control,742,SYMBOL,""";""",""";""",1992,1993,1992,1993,56,34,56,35
geometry_control,743,WHITESPACE,"""\n""","""\n""",1993,1994,1993,1994,56,35,57,1
geometry_control,744,ENTITY_REFERENCE,"""#50""","""#50""",1994,1997,1994,1997,57,1,57,4
geometry_control,745,SYMBOL,"""=""","""=""",1997,1998,1997,1998,57,4,57,5
geometry_control,746,IDENTIFIER,"""EDGE_LOOP""","""EDGE_LOOP""",1998,2007,1998,2007,57,5,57,14
geometry_control,747,SYMBOL,"""(""","""(""",2007,2008,2007,2008,57,14,57,15
geometry_control,748,STRING,"""''""","""""",2008,2010,2008,2010,57,15,57,17
geometry_control,749,SYMBOL,""",""",""",""",2010,2011,2010,2011,57,17,57,18
geometry_control,750,SYMBOL,"""(""","""(""",2011,2012,2011,2012,57,18,57,19
geometry_control,751,ENTITY_REFERENCE,"""#47""","""#47""",2012,2015,2012,2015,57,19,57,22
geometry_control,752,SYMBOL,""",""",""",""",2015,2016,2015,2016,57,22,57,23
geometry_control,753,ENTITY_REFERENCE,"""#48""","""#48""",2016,2019,2016,2019,57,23,57,26
geometry_control,754,SYMBOL,""",""",""",""",2019,2020,2019,2020,57,26,57,27
geometry_control,755,ENTITY_REFERENCE,"""#49""","""#49""",2020,2023,2020,2023,57,27,57,30
geometry_control,756,SYMBOL,""")""",""")""",2023,2024,2023,2024,57,30,57,31
geometry_control,757,SYMBOL,""")""",""")""",2024,2025,2024,2025,57,31,57,32
geometry_control,758,SYMBOL,""";""",""";""",2025,2026,2025,2026,57,32,57,33
geometry_control,759,WHITESPACE,"""\n""","""\n""",2026,2027,2026,2027,57,33,58,1
geometry_control,760,ENTITY_REFERENCE,"""#51""","""#51""",2027,2030,2027,2030,58,1,58,4
geometry_control,761,SYMBOL,"""=""","""=""",2030,2031,2030,2031,58,4,58,5
geometry_control,762,IDENTIFIER,"""FACE_OUTER_BOUND""","""FACE_OUTER_BOUND""",2031,2047,2031,2047,58,5,58,21
geometry_control,763,SYMBOL,"""(""","""(""",2047,2048,2047,2048,58,21,58,22
geometry_control,764,STRING,"""''""","""""",2048,2050,2048,2050,58,22,58,24
geometry_control,765,SYMBOL,""",""",""",""",2050,2051,2050,2051,58,24,58,25
geometry_control,766,ENTITY_REFERENCE,"""#50""","""#50""",2051,2054,2051,2054,58,25,58,28
geometry_control,767,SYMBOL,""",""",""",""",2054,2055,2054,2055,58,28,58,29
geometry_control,768,ENUMERATION,""".T.""","""T""",2055,2058,2055,2058,58,29,58,32
geometry_control,769,SYMBOL,""")""",""")""",2058,2059,2058,2059,58,32,58,33
geometry_control,770,SYMBOL,""";""",""";""",2059,2060,2059,2060,58,33,58,34
geometry_control,771,WHITESPACE,"""\n""","""\n""",2060,2061,2060,2061,58,34,59,1
geometry_control,772,ENTITY_REFERENCE,"""#52""","""#52""",2061,2064,2061,2064,59,1,59,4
geometry_control,773,SYMBOL,"""=""","""=""",2064,2065,2064,2065,59,4,59,5
geometry_control,774,IDENTIFIER,"""ADVANCED_FACE""","""ADVANCED_FACE""",2065,2078,2065,2078,59,5,59,18
geometry_control,775,SYMBOL,"""(""","""(""",2078,2079,2078,2079,59,18,59,19
geometry_control,776,STRING,"""''""","""""",2079,2081,2079,2081,59,19,59,21
geometry_control,777,SYMBOL,""",""",""",""",2081,2082,2081,2082,59,21,59,22
geometry_control,778,SYMBOL,"""(""","""(""",2082,2083,2082,2083,59,22,59,23
geometry_control,779,ENTITY_REFERENCE,"""#51""","""#51""",2083,2086,2083,2086,59,23,59,26
geometry_control,780,SYMBOL,""")""",""")""",2086,2087,2086,2087,59,26,59,27
geometry_control,781,SYMBOL,""",""",""",""",2087,2088,2087,2088,59,27,59,28
geometry_control,782,ENTITY_REFERENCE,"""#46""","""#46""",2088,2091,2088,2091,59,28,59,31
geometry_control,783,SYMBOL,""",""",""",""",2091,2092,2091,2092,59,31,59,32
geometry_control,784,ENUMERATION,""".T.""","""T""",2092,2095,2092,2095,59,32,59,35
geometry_control,785,SYMBOL,""")""",""")""",2095,2096,2095,2096,59,35,59,36
geometry_control,786,SYMBOL,""";""",""";""",2096,2097,2096,2097,59,36,59,37
geometry_control,787,WHITESPACE,"""\n""","""\n""",2097,2098,2097,2098,59,37,60,1
geometry_control,788,ENTITY_REFERENCE,"""#53""","""#53""",2098,2101,2098,2101,60,1,60,4
geometry_control,789,SYMBOL,"""=""","""=""",2101,2102,2101,2102,60,4,60,5
geometry_control,790,IDENTIFIER,"""DIRECTION""","""DIRECTION""",2102,2111,2102,2111,60,5,60,14
geometry_control,791,SYMBOL,"""(""","""(""",2111,2112,2111,2112,60,14,60,15
geometry_control,792,STRING,"""''""","""""",2112,2114,2112,2114,60,15,60,17
geometry_control,793,SYMBOL,""",""",""",""",2114,2115,2114,2115,60,17,60,18
geometry_control,794,SYMBOL,"""(""","""(""",2115,2116,2115,2116,60,18,60,19
geometry_control,795,NUMBER,"""-1.000000""","""-1.000000""",2116,2125,2116,2125,60,19,60,28
geometry_control,796,SYMBOL,""",""",""",""",2125,2126,2125,2126,60,28,60,29
geometry_control,797,NUMBER,"""0.000000""","""0.000000""",2126,2134,2126,2134,60,29,60,37
geometry_control,798,SYMBOL,""",""",""",""",2134,2135,2134,2135,60,37,60,38
geometry_control,799,NUMBER,"""0.000000""","""0.000000""",2135,2143,2135,2143,60,38,60,46
geometry_control,800,SYMBOL,""")""",""")""",2143,2144,2143,2144,60,46,60,47
geometry_control,801,SYMBOL,""")""",""")""",2144,2145,2144,2145,60,47,60,48
geometry_control,802,SYMBOL,""";""",""";""",2145,2146,2145,2146,60,48,60,49
geometry_control,803,WHITESPACE,"""\n""","""\n""",2146,2147,2146,2147,60,49,61,1
geometry_control,804,ENTITY_REFERENCE,"""#54""","""#54""",2147,2150,2147,2150,61,1,61,4
geometry_control,805,SYMBOL,"""=""","""=""",2150,2151,2150,2151,61,4,61,5
geometry_control,806,IDENTIFIER,"""DIRECTION""","""DIRECTION""",2151,2160,2151,2160,61,5,61,14
geometry_control,807,SYMBOL,"""(""","""(""",2160,2161,2160,2161,61,14,61,15
geometry_control,808,STRING,"""''""","""""",2161,2163,2161,2163,61,15,61,17
geometry_control,809,SYMBOL,""",""",""",""",2163,2164,2163,2164,61,17,61,18
geometry_control,810,SYMBOL,"""(""","""(""",2164,2165,2164,2165,61,18,61,19
geometry_control,811,NUMBER,"""1.000000""","""1.000000""",2165,2173,2165,2173,61,19,61,27
geometry_control,812,SYMBOL,""",""",""",""",2173,2174,2173,2174,61,27,61,28
geometry_control,813,NUMBER,"""0.000000""","""0.000000""",2174,2182,2174,2182,61,28,61,36
geometry_control,814,SYMBOL,""",""",""",""",2182,2183,2182,2183,61,36,61,37
geometry_control,815,NUMBER,"""0.000000""","""0.000000""",2183,2191,2183,2191,61,37,61,45
geometry_control,816,SYMBOL,""")""",""")""",2191,2192,2191,2192,61,45,61,46
geometry_control,817,SYMBOL,""")""",""")""",2192,2193,2192,2193,61,46,61,47
geometry_control,818,SYMBOL,""";""",""";""",2193,2194,2193,2194,61,47,61,48
geometry_control,819,WHITESPACE,"""\n""","""\n""",2194,2195,2194,2195,61,48,62,1
geometry_control,820,ENTITY_REFERENCE,"""#55""","""#55""",2195,2198,2195,2198,62,1,62,4
geometry_control,821,SYMBOL,"""=""","""=""",2198,2199,2198,2199,62,4,62,5
geometry_control,822,IDENTIFIER,"""AXIS2_PLACEMENT_3D""","""AXIS2_PLACEMENT_3D""",2199,2217,2199,2217,62,5,62,23
geometry_control,823,SYMBOL,"""(""","""(""",2217,2218,2217,2218,62,23,62,24
geometry_control,824,STRING,"""''""","""""",2218,2220,2218,2220,62,24,62,26
geometry_control,825,SYMBOL,""",""",""",""",2220,2221,2220,2221,62,26,62,27
geometry_control,826,ENTITY_REFERENCE,"""#1""","""#1""",2221,2223,2221,2223,62,27,62,29
geometry_control,827,SYMBOL,""",""",""",""",2223,2224,2223,2224,62,29,62,30
geometry_control,828,ENTITY_REFERENCE,"""#53""","""#53""",2224,2227,2224,2227,62,30,62,33
geometry_control,829,SYMBOL,""",""",""",""",2227,2228,2227,2228,62,33,62,34
geometry_control,830,ENTITY_REFERENCE,"""#54""","""#54""",2228,2231,2228,2231,62,34,62,37
geometry_control,831,SYMBOL,""")""",""")""",2231,2232,2231,2232,62,37,62,38
geometry_control,832,SYMBOL,""";""",""";""",2232,2233,2232,2233,62,38,62,39
geometry_control,833,WHITESPACE,"""\n""","""\n""",2233,2234,2233,2234,62,39,63,1
geometry_control,834,ENTITY_REFERENCE,"""#56""","""#56""",2234,2237,2234,2237,63,1,63,4
geometry_control,835,SYMBOL,"""=""","""=""",2237,2238,2237,2238,63,4,63,5
geometry_control,836,IDENTIFIER,"""PLANE""","""PLANE""",2238,2243,2238,2243,63,5,63,10
geometry_control,837,SYMBOL,"""(""","""(""",2243,2244,2243,2244,63,10,63,11
geometry_control,838,STRING,"""''""","""""",2244,2246,2244,2246,63,11,63,13
geometry_control,839,SYMBOL,""",""",""",""",2246,2247,2246,2247,63,13,63,14
geometry_control,840,ENTITY_REFERENCE,"""#55""","""#55""",2247,2250,2247,2250,63,14,63,17
geometry_control,841,SYMBOL,""")""",""")""",2250,2251,2250,2251,63,17,63,18
geometry_control,842,SYMBOL,""";""",""";""",2251,2252,2251,2252,63,18,63,19
geometry_control,843,WHITESPACE,"""\n""","""\n""",2252,2253,2252,2253,63,19,64,1
geometry_control,844,ENTITY_REFERENCE,"""#57""","""#57""",2253,2256,2253,2256,64,1,64,4
geometry_control,845,SYMBOL,"""=""","""=""",2256,2257,2256,2257,64,4,64,5
geometry_control,846,IDENTIFIER,"""ORIENTED_EDGE""","""ORIENTED_EDGE""",2257,2270,2257,2270,64,5,64,18
geometry_control,847,SYMBOL,"""(""","""(""",2270,2271,2270,2271,64,18,64,19
geometry_control,848,STRING,"""''""","""""",2271,2273,2271,2273,64,19,64,21
geometry_control,849,SYMBOL,""",""",""",""",2273,2274,2273,2274,64,21,64,22
geometry_control,850,SYMBOL,"""*""","""*""",2274,2275,2274,2275,64,22,64,23
geometry_control,851,SYMBOL,""",""",""",""",2275,2276,2275,2276,64,23,64,24
geometry_control,852,SYMBOL,"""*""","""*""",2276,2277,2276,2277,64,24,64,25
geometry_control,853,SYMBOL,""",""",""",""",2277,2278,2277,2278,64,25,64,26
geometry_control,854,ENTITY_REFERENCE,"""#16""","""#16""",2278,2281,2278,2281,64,26,64,29
geometry_control,855,SYMBOL,""",""",""",""",2281,2282,2281,2282,64,29,64,30
geometry_control,856,ENUMERATION,""".T.""","""T""",2282,2285,2282,2285,64,30,64,33
geometry_control,857,SYMBOL,""")""",""")""",2285,2286,2285,2286,64,33,64,34
geometry_control,858,SYMBOL,""";""",""";""",2286,2287,2286,2287,64,34,64,35
geometry_control,859,WHITESPACE,"""\n""","""\n""",2287,2288,2287,2288,64,35,65,1
geometry_control,860,ENTITY_REFERENCE,"""#58""","""#58""",2288,2291,2288,2291,65,1,65,4
geometry_control,861,SYMBOL,"""=""","""=""",2291,2292,2291,2292,65,4,65,5
geometry_control,862,IDENTIFIER,"""ORIENTED_EDGE""","""ORIENTED_EDGE""",2292,2305,2292,2305,65,5,65,18
geometry_control,863,SYMBOL,"""(""","""(""",2305,2306,2305,2306,65,18,65,19
geometry_control,864,STRING,"""''""","""""",2306,2308,2306,2308,65,19,65,21
geometry_control,865,SYMBOL,""",""",""",""",2308,2309,2308,2309,65,21,65,22
geometry_control,866,SYMBOL,"""*""","""*""",2309,2310,2309,2310,65,22,65,23
geometry_control,867,SYMBOL,""",""",""",""",2310,2311,2310,2311,65,23,65,24
geometry_control,868,SYMBOL,"""*""","""*""",2311,2312,2311,2312,65,24,65,25
geometry_control,869,SYMBOL,""",""",""",""",2312,2313,2312,2313,65,25,65,26
geometry_control,870,ENTITY_REFERENCE,"""#32""","""#32""",2313,2316,2313,2316,65,26,65,29
geometry_control,871,SYMBOL,""",""",""",""",2316,2317,2316,2317,65,29,65,30
geometry_control,872,ENUMERATION,""".T.""","""T""",2317,2320,2317,2320,65,30,65,33
geometry_control,873,SYMBOL,""")""",""")""",2320,2321,2320,2321,65,33,65,34
geometry_control,874,SYMBOL,""";""",""";""",2321,2322,2321,2322,65,34,65,35
geometry_control,875,WHITESPACE,"""\n""","""\n""",2322,2323,2322,2323,65,35,66,1
geometry_control,876,ENTITY_REFERENCE,"""#59""","""#59""",2323,2326,2323,2326,66,1,66,4
geometry_control,877,SYMBOL,"""=""","""=""",2326,2327,2326,2327,66,4,66,5
geometry_control,878,IDENTIFIER,"""ORIENTED_EDGE""","""ORIENTED_EDGE""",2327,2340,2327,2340,66,5,66,18
geometry_control,879,SYMBOL,"""(""","""(""",2340,2341,2340,2341,66,18,66,19
geometry_control,880,STRING,"""''""","""""",2341,2343,2341,2343,66,19,66,21
geometry_control,881,SYMBOL,""",""",""",""",2343,2344,2343,2344,66,21,66,22
geometry_control,882,SYMBOL,"""*""","""*""",2344,2345,2344,2345,66,22,66,23
geometry_control,883,SYMBOL,""",""",""",""",2345,2346,2345,2346,66,23,66,24
geometry_control,884,SYMBOL,"""*""","""*""",2346,2347,2346,2347,66,24,66,25
geometry_control,885,SYMBOL,""",""",""",""",2347,2348,2347,2348,66,25,66,26
geometry_control,886,ENTITY_REFERENCE,"""#20""","""#20""",2348,2351,2348,2351,66,26,66,29
geometry_control,887,SYMBOL,""",""",""",""",2351,2352,2351,2352,66,29,66,30
geometry_control,888,ENUMERATION,""".F.""","""F""",2352,2355,2352,2355,66,30,66,33
geometry_control,889,SYMBOL,""")""",""")""",2355,2356,2355,2356,66,33,66,34
geometry_control,890,SYMBOL,""";""",""";""",2356,2357,2356,2357,66,34,66,35
geometry_control,891,WHITESPACE,"""\n""","""\n""",2357,2358,2357,2358,66,35,67,1
geometry_control,892,ENTITY_REFERENCE,"""#60""","""#60""",2358,2361,2358,2361,67,1,67,4
geometry_control,893,SYMBOL,"""=""","""=""",2361,2362,2361,2362,67,4,67,5
geometry_control,894,IDENTIFIER,"""EDGE_LOOP""","""EDGE_LOOP""",2362,2371,2362,2371,67,5,67,14
geometry_control,895,SYMBOL,"""(""","""(""",2371,2372,2371,2372,67,14,67,15
geometry_control,896,STRING,"""''""","""""",2372,2374,2372,2374,67,15,67,17
geometry_control,897,SYMBOL,""",""",""",""",2374,2375,2374,2375,67,17,67,18
geometry_control,898,SYMBOL,"""(""","""(""",2375,2376,2375,2376,67,18,67,19
geometry_control,899,ENTITY_REFERENCE,"""#57""","""#57""",2376,2379,2376,2379,67,19,67,22
geometry_control,900,SYMBOL,""",""",""",""",2379,2380,2379,2380,67,22,67,23
geometry_control,901,ENTITY_REFERENCE,"""#58""","""#58""",2380,2383,2380,2383,67,23,67,26
geometry_control,902,SYMBOL,""",""",""",""",2383,2384,2383,2384,67,26,67,27
geometry_control,903,ENTITY_REFERENCE,"""#59""","""#59""",2384,2387,2384,2387,67,27,67,30
geometry_control,904,SYMBOL,""")""",""")""",2387,2388,2387,2388,67,30,67,31
geometry_control,905,SYMBOL,""")""",""")""",2388,2389,2388,2389,67,31,67,32
geometry_control,906,SYMBOL,""";""",""";""",2389,2390,2389,2390,67,32,67,33
geometry_control,907,WHITESPACE,"""\n""","""\n""",2390,2391,2390,2391,67,33,68,1
geometry_control,908,ENTITY_REFERENCE,"""#61""","""#61""",2391,2394,2391,2394,68,1,68,4
geometry_control,909,SYMBOL,"""=""","""=""",2394,2395,2394,2395,68,4,68,5
geometry_control,910,IDENTIFIER,"""FACE_OUTER_BOUND""","""FACE_OUTER_BOUND""",2395,2411,2395,2411,68,5,68,21
geometry_control,911,SYMBOL,"""(""","""(""",2411,2412,2411,2412,68,21,68,22
geometry_control,912,STRING,"""''""","""""",2412,2414,2412,2414,68,22,68,24
geometry_control,913,SYMBOL,""",""",""",""",2414,2415,2414,2415,68,24,68,25
geometry_control,914,ENTITY_REFERENCE,"""#60""","""#60""",2415,2418,2415,2418,68,25,68,28
geometry_control,915,SYMBOL,""",""",""",""",2418,2419,2418,2419,68,28,68,29
geometry_control,916,ENUMERATION,""".T.""","""T""",2419,2422,2419,2422,68,29,68,32
geometry_control,917,SYMBOL,""")""",""")""",2422,2423,2422,2423,68,32,68,33
geometry_control,918,SYMBOL,""";""",""";""",2423,2424,2423,2424,68,33,68,34
geometry_control,919,WHITESPACE,"""\n""","""\n""",2424,2425,2424,2425,68,34,69,1
geometry_control,920,ENTITY_REFERENCE,"""#62""","""#62""",2425,2428,2425,2428,69,1,69,4
geometry_control,921,SYMBOL,"""=""","""=""",2428,2429,2428,2429,69,4,69,5
geometry_control,922,IDENTIFIER,"""ADVANCED_FACE""","""ADVANCED_FACE""",2429,2442,2429,2442,69,5,69,18
geometry_control,923,SYMBOL,"""(""","""(""",2442,2443,2442,2443,69,18,69,19
geometry_control,924,STRING,"""''""","""""",2443,2445,2443,2445,69,19,69,21
geometry_control,925,SYMBOL,""",""",""",""",2445,2446,2445,2446,69,21,69,22
geometry_control,926,SYMBOL,"""(""","""(""",2446,2447,2446,2447,69,22,69,23
geometry_control,927,ENTITY_REFERENCE,"""#61""","""#61""",2447,2450,2447,2450,69,23,69,26
geometry_control,928,SYMBOL,""")""",""")""",2450,2451,2450,2451,69,26,69,27
geometry_control,929,SYMBOL,""",""",""",""",2451,2452,2451,2452,69,27,69,28
geometry_control,930,ENTITY_REFERENCE,"""#56""","""#56""",2452,2455,2452,2455,69,28,69,31
geometry_control,931,SYMBOL,""",""",""",""",2455,2456,2455,2456,69,31,69,32
geometry_control,932,ENUMERATION,""".T.""","""T""",2456,2459,2456,2459,69,32,69,35
geometry_control,933,SYMBOL,""")""",""")""",2459,2460,2459,2460,69,35,69,36
geometry_control,934,SYMBOL,""";""",""";""",2460,2461,2460,2461,69,36,69,37
geometry_control,935,WHITESPACE,"""\n""","""\n""",2461,2462,2461,2462,69,37,70,1
geometry_control,936,ENTITY_REFERENCE,"""#63""","""#63""",2462,2465,2462,2465,70,1,70,4
geometry_control,937,SYMBOL,"""=""","""=""",2465,2466,2465,2466,70,4,70,5
geometry_control,938,IDENTIFIER,"""DIRECTION""","""DIRECTION""",2466,2475,2466,2475,70,5,70,14
geometry_control,939,SYMBOL,"""(""","""(""",2475,2476,2475,2476,70,14,70,15
geometry_control,940,STRING,"""''""","""""",2476,2478,2476,2478,70,15,70,17
geometry_control,941,SYMBOL,""",""",""",""",2478,2479,2478,2479,70,17,70,18
geometry_control,942,SYMBOL,"""(""","""(""",2479,2480,2479,2480,70,18,70,19
geometry_control,943,NUMBER,"""0.577350""","""0.577350""",2480,2488,2480,2488,70,19,70,27
geometry_control,944,SYMBOL,""",""",""",""",2488,2489,2488,2489,70,27,70,28
geometry_control,945,NUMBER,"""0.577350""","""0.577350""",2489,2497,2489,2497,70,28,70,36
geometry_control,946,SYMBOL,""",""",""",""",2497,2498,2497,2498,70,36,70,37
geometry_control,947,NUMBER,"""0.577350""","""0.577350""",2498,2506,2498,2506,70,37,70,45
geometry_control,948,SYMBOL,""")""",""")""",2506,2507,2506,2507,70,45,70,46
geometry_control,949,SYMBOL,""")""",""")""",2507,2508,2507,2508,70,46,70,47
geometry_control,950,SYMBOL,""";""",""";""",2508,2509,2508,2509,70,47,70,48
geometry_control,951,WHITESPACE,"""\n""","""\n""",2509,2510,2509,2510,70,48,71,1
geometry_control,952,ENTITY_REFERENCE,"""#64""","""#64""",2510,2513,2510,2513,71,1,71,4
geometry_control,953,SYMBOL,"""=""","""=""",2513,2514,2513,2514,71,4,71,5
geometry_control,954,IDENTIFIER,"""DIRECTION""","""DIRECTION""",2514,2523,2514,2523,71,5,71,14
geometry_control,955,SYMBOL,"""(""","""(""",2523,2524,2523,2524,71,14,71,15
geometry_control,956,STRING,"""''""","""""",2524,2526,2524,2526,71,15,71,17
geometry_control,957,SYMBOL,""",""",""",""",2526,2527,2526,2527,71,17,71,18
geometry_control,958,SYMBOL,"""(""","""(""",2527,2528,2527,2528,71,18,71,19
geometry_control,959,NUMBER,"""1.000000""","""1.000000""",2528,2536,2528,2536,71,19,71,27
geometry_control,960,SYMBOL,""",""",""",""",2536,2537,2536,2537,71,27,71,28
geometry_control,961,NUMBER,"""0.000000""","""0.000000""",2537,2545,2537,2545,71,28,71,36
geometry_control,962,SYMBOL,""",""",""",""",2545,2546,2545,2546,71,36,71,37
geometry_control,963,NUMBER,"""0.000000""","""0.000000""",2546,2554,2546,2554,71,37,71,45
geometry_control,964,SYMBOL,""")""",""")""",2554,2555,2554,2555,71,45,71,46
geometry_control,965,SYMBOL,""")""",""")""",2555,2556,2555,2556,71,46,71,47
geometry_control,966,SYMBOL,""";""",""";""",2556,2557,2556,2557,71,47,71,48
geometry_control,967,WHITESPACE,"""\n""","""\n""",2557,2558,2557,2558,71,48,72,1
geometry_control,968,ENTITY_REFERENCE,"""#65""","""#65""",2558,2561,2558,2561,72,1,72,4
geometry_control,969,SYMBOL,"""=""","""=""",2561,2562,2561,2562,72,4,72,5
geometry_control,970,IDENTIFIER,"""AXIS2_PLACEMENT_3D""","""AXIS2_PLACEMENT_3D""",2562,2580,2562,2580,72,5,72,23
geometry_control,971,SYMBOL,"""(""","""(""",2580,2581,2580,2581,72,23,72,24
geometry_control,972,STRING,"""''""","""""",2581,2583,2581,2583,72,24,72,26
geometry_control,973,SYMBOL,""",""",""",""",2583,2584,2583,2584,72,26,72,27
geometry_control,974,ENTITY_REFERENCE,"""#3""","""#3""",2584,2586,2584,2586,72,27,72,29
geometry_control,975,SYMBOL,""",""",""",""",2586,2587,2586,2587,72,29,72,30
geometry_control,976,ENTITY_REFERENCE,"""#63""","""#63""",2587,2590,2587,2590,72,30,72,33
geometry_control,977,SYMBOL,""",""",""",""",2590,2591,2590,2591,72,33,72,34
geometry_control,978,ENTITY_REFERENCE,"""#64""","""#64""",2591,2594,2591,2594,72,34,72,37
geometry_control,979,SYMBOL,""")""",""")""",2594,2595,2594,2595,72,37,72,38
geometry_control,980,SYMBOL,""";""",""";""",2595,2596,2595,2596,72,38,72,39
geometry_control,981,WHITESPACE,"""\n""","""\n""",2596,2597,2596,2597,72,39,73,1
geometry_control,982,ENTITY_REFERENCE,"""#66""","""#66""",2597,2600,2597,2600,73,1,73,4
geometry_control,983,SYMBOL,"""=""","""=""",2600,2601,2600,2601,73,4,73,5
geometry_control,984,IDENTIFIER,"""PLANE""","""PLANE""",2601,2606,2601,2606,73,5,73,10
geometry_control,985,SYMBOL,"""(""","""(""",2606,2607,2606,2607,73,10,73,11
geometry_control,986,STRING,"""''""","""""",2607,2609,2607,2609,73,11,73,13
geometry_control,987,SYMBOL,""",""",""",""",2609,2610,2609,2610,73,13,73,14
geometry_control,988,ENTITY_REFERENCE,"""#65""","""#65""",2610,2613,2610,2613,73,14,73,17
geometry_control,989,SYMBOL,""")""",""")""",2613,2614,2613,2614,73,17,73,18
geometry_control,990,SYMBOL,""";""",""";""",2614,2615,2614,2615,73,18,73,19
geometry_control,991,WHITESPACE,"""\n""","""\n""",2615,2616,2615,2616,73,19,74,1
geometry_control,992,ENTITY_REFERENCE,"""#67""","""#67""",2616,2619,2616,2619,74,1,74,4
geometry_control,993,SYMBOL,"""=""","""=""",2619,2620,2619,2620,74,4,74,5
geometry_control,994,IDENTIFIER,"""ORIENTED_EDGE""","""ORIENTED_EDGE""",2620,2633,2620,2633,74,5,74,18
geometry_control,995,SYMBOL,"""(""","""(""",2633,2634,2633,2634,74,18,74,19
geometry_control,996,STRING,"""''""","""""",2634,2636,2634,2636,74,19,74,21
geometry_control,997,SYMBOL,""",""",""",""",2636,2637,2636,2637,74,21,74,22
geometry_control,998,SYMBOL,"""*""","""*""",2637,2638,2637,2638,74,22,74,23
geometry_control,999,SYMBOL,""",""",""",""",2638,2639,2638,2639,74,23,74,24
geometry_control,1000,SYMBOL,"""*""","""*""",2639,2640,2639,2640,74,24,74,25
geometry_control,1001,SYMBOL,""",""",""",""",2640,2641,2640,2641,74,25,74,26
geometry_control,1002,ENTITY_REFERENCE,"""#24""","""#24""",2641,2644,2641,2644,74,26,74,29
geometry_control,1003,SYMBOL,""",""",""",""",2644,2645,2644,2645,74,29,74,30
geometry_control,1004,ENUMERATION,""".T.""","""T""",2645,2648,2645,2648,74,30,74,33
geometry_control,1005,SYMBOL,""")""",""")""",2648,2649,2648,2649,74,33,74,34
geometry_control,1006,SYMBOL,""";""",""";""",2649,2650,2649,2650,74,34,74,35
geometry_control,1007,WHITESPACE,"""\n""","""\n""",2650,2651,2650,2651,74,35,75,1
geometry_control,1008,ENTITY_REFERENCE,"""#68""","""#68""",2651,2654,2651,2654,75,1,75,4
geometry_control,1009,SYMBOL,"""=""","""=""",2654,2655,2654,2655,75,4,75,5
geometry_control,1010,IDENTIFIER,"""ORIENTED_EDGE""","""ORIENTED_EDGE""",2655,2668,2655,2668,75,5,75,18
geometry_control,1011,SYMBOL,"""(""","""(""",2668,2669,2668,2669,75,18,75,19
geometry_control,1012,STRING,"""''""","""""",2669,2671,2669,2671,75,19,75,21
geometry_control,1013,SYMBOL,""",""",""",""",2671,2672,2671,2672,75,21,75,22
geometry_control,1014,SYMBOL,"""*""","""*""",2672,2673,2672,2673,75,22,75,23
geometry_control,1015,SYMBOL,""",""",""",""",2673,2674,2673,2674,75,23,75,24
geometry_control,1016,SYMBOL,"""*""","""*""",2674,2675,2674,2675,75,24,75,25
geometry_control,1017,SYMBOL,""",""",""",""",2675,2676,2675,2676,75,25,75,26
geometry_control,1018,ENTITY_REFERENCE,"""#32""","""#32""",2676,2679,2676,2679,75,26,75,29
geometry_control,1019,SYMBOL,""",""",""",""",2679,2680,2679,2680,75,29,75,30
geometry_control,1020,ENUMERATION,""".T.""","""T""",2680,2683,2680,2683,75,30,75,33
geometry_control,1021,SYMBOL,""")""",""")""",2683,2684,2683,2684,75,33,75,34
geometry_control,1022,SYMBOL,""";""",""";""",2684,2685,2684,2685,75,34,75,35
geometry_control,1023,WHITESPACE,"""\n""","""\n""",2685,2686,2685,2686,75,35,76,1
geometry_control,1024,ENTITY_REFERENCE,"""#69""","""#69""",2686,2689,2686,2689,76,1,76,4
geometry_control,1025,SYMBOL,"""=""","""=""",2689,2690,2689,2690,76,4,76,5
geometry_control,1026,IDENTIFIER,"""ORIENTED_EDGE""","""ORIENTED_EDGE""",2690,2703,2690,2703,76,5,76,18
geometry_control,1027,SYMBOL,"""(""","""(""",2703,2704,2703,2704,76,18,76,19
geometry_control,1028,STRING,"""''""","""""",2704,2706,2704,2706,76,19,76,21
geometry_control,1029,SYMBOL,""",""",""",""",2706,2707,2706,2707,76,21,76,22
geometry_control,1030,SYMBOL,"""*""","""*""",2707,2708,2707,2708,76,22,76,23
geometry_control,1031,SYMBOL,""",""",""",""",2708,2709,2708,2709,76,23,76,24
geometry_control,1032,SYMBOL,"""*""","""*""",2709,2710,2709,2710,76,24,76,25
geometry_control,1033,SYMBOL,""",""",""",""",2710,2711,2710,2711,76,25,76,26
geometry_control,1034,ENTITY_REFERENCE,"""#28""","""#28""",2711,2714,2711,2714,76,26,76,29
geometry_control,1035,SYMBOL,""",""",""",""",2714,2715,2714,2715,76,29,76,30
geometry_control,1036,ENUMERATION,""".F.""","""F""",2715,2718,2715,2718,76,30,76,33
geometry_control,1037,SYMBOL,""")""",""")""",2718,2719,2718,2719,76,33,76,34
geometry_control,1038,SYMBOL,""";""",""";""",2719,2720,2719,2720,76,34,76,35
geometry_control,1039,WHITESPACE,"""\n""","""\n""",2720,2721,2720,2721,76,35,77,1
geometry_control,1040,ENTITY_REFERENCE,"""#70""","""#70""",2721,2724,2721,2724,77,1,77,4
geometry_control,1041,SYMBOL,"""=""","""=""",2724,2725,2724,2725,77,4,77,5
geometry_control,1042,IDENTIFIER,"""EDGE_LOOP""","""EDGE_LOOP""",2725,2734,2725,2734,77,5,77,14
geometry_control,1043,SYMBOL,"""(""","""(""",2734,2735,2734,2735,77,14,77,15
geometry_control,1044,STRING,"""''""","""""",2735,2737,2735,2737,77,15,77,17
geometry_control,1045,SYMBOL,""",""",""",""",2737,2738,2737,2738,77,17,77,18
geometry_control,1046,SYMBOL,"""(""","""(""",2738,2739,2738,2739,77,18,77,19
geometry_control,1047,ENTITY_REFERENCE,"""#67""","""#67""",2739,2742,2739,2742,77,19,77,22
geometry_control,1048,SYMBOL,""",""",""",""",2742,2743,2742,2743,77,22,77,23
geometry_control,1049,ENTITY_REFERENCE,"""#68""","""#68""",2743,2746,2743,2746,77,23,77,26
geometry_control,1050,SYMBOL,""",""",""",""",2746,2747,2746,2747,77,26,77,27
geometry_control,1051,ENTITY_REFERENCE,"""#69""","""#69""",2747,2750,2747,2750,77,27,77,30
geometry_control,1052,SYMBOL,""")""",""")""",2750,2751,2750,2751,77,30,77,31
geometry_control,1053,SYMBOL,""")""",""")""",2751,2752,2751,2752,77,31,77,32
geometry_control,1054,SYMBOL,""";""",""";""",2752,2753,2752,2753,77,32,77,33
geometry_control,1055,WHITESPACE,"""\n""","""\n""",2753,2754,2753,2754,77,33,78,1
geometry_control,1056,ENTITY_REFERENCE,"""#71""","""#71""",2754,2757,2754,2757,78,1,78,4
geometry_control,1057,SYMBOL,"""=""","""=""",2757,2758,2757,2758,78,4,78,5
geometry_control,1058,IDENTIFIER,"""FACE_OUTER_BOUND""","""FACE_OUTER_BOUND""",2758,2774,2758,2774,78,5,78,21
geometry_control,1059,SYMBOL,"""(""","""(""",2774,2775,2774,2775,78,21,78,22
geometry_control,1060,STRING,"""''""","""""",2775,2777,2775,2777,78,22,78,24
geometry_control,1061,SYMBOL,""",""",""",""",2777,2778,2777,2778,78,24,78,25
geometry_control,1062,ENTITY_REFERENCE,"""#70""","""#70""",2778,2781,2778,2781,78,25,78,28
geometry_control,1063,SYMBOL,""",""",""",""",2781,2782,2781,2782,78,28,78,29
geometry_control,1064,ENUMERATION,""".T.""","""T""",2782,2785,2782,2785,78,29,78,32
geometry_control,1065,SYMBOL,""")""",""")""",2785,2786,2785,2786,78,32,78,33
geometry_control,1066,SYMBOL,""";""",""";""",2786,2787,2786,2787,78,33,78,34
geometry_control,1067,WHITESPACE,"""\n""","""\n""",2787,2788,2787,2788,78,34,79,1
geometry_control,1068,ENTITY_REFERENCE,"""#72""","""#72""",2788,2791,2788,2791,79,1,79,4
geometry_control,1069,SYMBOL,"""=""","""=""",2791,2792,2791,2792,79,4,79,5
geometry_control,1070,IDENTIFIER,"""ADVANCED_FACE""","""ADVANCED_FACE""",2792,2805,2792,2805,79,5,79,18
geometry_control,1071,SYMBOL,"""(""","""(""",2805,2806,2805,2806,79,18,79,19
geometry_control,1072,STRING,"""''""","""""",2806,2808,2806,2808,79,19,79,21
geometry_control,1073,SYMBOL,""",""",""",""",2808,2809,2808,2809,79,21,79,22
geometry_control,1074,SYMBOL,"""(""","""(""",2809,2810,2809,2810,79,22,79,23
geometry_control,1075,ENTITY_REFERENCE,"""#71""","""#71""",2810,2813,2810,2813,79,23,79,26
geometry_control,1076,SYMBOL,""")""",""")""",2813,2814,2813,2814,79,26,79,27
geometry_control,1077,SYMBOL,""",""",""",""",2814,2815,2814,2815,79,27,79,28
geometry_control,1078,ENTITY_REFERENCE,"""#66""","""#66""",2815,2818,2815,2818,79,28,79,31
geometry_control,1079,SYMBOL,""",""",""",""",2818,2819,2818,2819,79,31,79,32
geometry_control,1080,ENUMERATION,""".T.""","""T""",2819,2822,2819,2822,79,32,79,35
geometry_control,1081,SYMBOL,""")""",""")""",2822,2823,2822,2823,79,35,79,36
geometry_control,1082,SYMBOL,""";""",""";""",2823,2824,2823,2824,79,36,79,37
geometry_control,1083,WHITESPACE,"""\n""","""\n""",2824,2825,2824,2825,79,37,80,1
geometry_control,1084,ENTITY_REFERENCE,"""#73""","""#73""",2825,2828,2825,2828,80,1,80,4
geometry_control,1085,SYMBOL,"""=""","""=""",2828,2829,2828,2829,80,4,80,5
geometry_control,1086,IDENTIFIER,"""CLOSED_SHELL""","""CLOSED_SHELL""",2829,2841,2829,2841,80,5,80,17
geometry_control,1087,SYMBOL,"""(""","""(""",2841,2842,2841,2842,80,17,80,18
geometry_control,1088,STRING,"""'tetrahedron_a'""","""tetrahedron_a""",2842,2857,2842,2857,80,18,80,33
geometry_control,1089,SYMBOL,""",""",""",""",2857,2858,2857,2858,80,33,80,34
geometry_control,1090,SYMBOL,"""(""","""(""",2858,2859,2858,2859,80,34,80,35
geometry_control,1091,ENTITY_REFERENCE,"""#42""","""#42""",2859,2862,2859,2862,80,35,80,38
geometry_control,1092,SYMBOL,""",""",""",""",2862,2863,2862,2863,80,38,80,39
geometry_control,1093,ENTITY_REFERENCE,"""#52""","""#52""",2863,2866,2863,2866,80,39,80,42
geometry_control,1094,SYMBOL,""",""",""",""",2866,2867,2866,2867,80,42,80,43
geometry_control,1095,ENTITY_REFERENCE,"""#62""","""#62""",2867,2870,2867,2870,80,43,80,46
geometry_control,1096,SYMBOL,""",""",""",""",2870,2871,2870,2871,80,46,80,47
geometry_control,1097,ENTITY_REFERENCE,"""#72""","""#72""",2871,2874,2871,2874,80,47,80,50
geometry_control,1098,SYMBOL,""")""",""")""",2874,2875,2874,2875,80,50,80,51
geometry_control,1099,SYMBOL,""")""",""")""",2875,2876,2875,2876,80,51,80,52
geometry_control,1100,SYMBOL,""";""",""";""",2876,2877,2876,2877,80,52,80,53
geometry_control,1101,WHITESPACE,"""\n""","""\n""",2877,2878,2877,2878,80,53,81,1
geometry_control,1102,ENTITY_REFERENCE,"""#74""","""#74""",2878,2881,2878,2881,81,1,81,4
geometry_control,1103,SYMBOL,"""=""","""=""",2881,2882,2881,2882,81,4,81,5
geometry_control,1104,IDENTIFIER,"""MANIFOLD_SOLID_BREP""","""MANIFOLD_SOLID_BREP""",2882,2901,2882,2901,81,5,81,24
geometry_control,1105,SYMBOL,"""(""","""(""",2901,2902,2901,2902,81,24,81,25
geometry_control,1106,STRING,"""'tetrahedron_a'""","""tetrahedron_a""",2902,2917,2902,2917,81,25,81,40
geometry_control,1107,SYMBOL,""",""",""",""",2917,2918,2917,2918,81,40,81,41
geometry_control,1108,ENTITY_REFERENCE,"""#73""","""#73""",2918,2921,2918,2921,81,41,81,44
geometry_control,1109,SYMBOL,""")""",""")""",2921,2922,2921,2922,81,44,81,45
geometry_control,1110,SYMBOL,""";""",""";""",2922,2923,2922,2923,81,45,81,46
geometry_control,1111,WHITESPACE,"""\n""","""\n""",2923,2924,2923,2924,81,46,82,1
geometry_control,1112,IDENTIFIER,"""ENDSEC""","""ENDSEC""",2924,2930,2924,2930,82,1,82,7
geometry_control,1113,SYMBOL,""";""",""";""",2930,2931,2930,2931,82,7,82,8
geometry_control,1114,WHITESPACE,"""\n""","""\n""",2931,2932,2931,2932,82,8,83,1
geometry_control,1115,IDENTIFIER,"""END-ISO-10303-21""","""END-ISO-10303-21""",2932,2948,2932,2948,83,1,83,17
geometry_control,1116,SYMBOL,""";""",""";""",2948,2949,2948,2949,83,17,83,18
geometry_control,1117,WHITESPACE,"""\n""","""\n""",2949,2950,2949,2950,83,18,84,1
trivia_preservation,0,IDENTIFIER,"""ISO-10303-21""","""ISO-10303-21""",0,12,0,12,1,1,1,13
trivia_preservation,1,SYMBOL,""";""",""";""",12,13,12,13,1,13,1,14
trivia_preservation,2,WHITESPACE,"""\n""","""\n""",13,14,13,14,1,14,2,1
trivia_preservation,3,IDENTIFIER,"""HEADER""","""HEADER""",14,20,14,20,2,1,2,7
trivia_preservation,4,SYMBOL,""";""",""";""",20,21,20,21,2,7,2,8
trivia_preservation,5,WHITESPACE,"""\n""","""\n""",21,22,21,22,2,8,3,1
trivia_preservation,6,IDENTIFIER,"""FILE_DESCRIPTION""","""FILE_DESCRIPTION""",22,38,22,38,3,1,3,17
trivia_preservation,7,SYMBOL,"""(""","""(""",38,39,38,39,3,17,3,18
trivia_preservation,8,SYMBOL,"""(""","""(""",39,40,39,40,3,18,3,19
trivia_preservation,9,STRING,"""'Controlled source-model fixture'""","""Controlled source-model fixture""",40,73,40,73,3,19,3,52
trivia_preservation,10,SYMBOL,""")""",""")""",73,74,73,74,3,52,3,53
trivia_preservation,11,SYMBOL,""",""",""",""",74,75,74,75,3,53,3,54
trivia_preservation,12,STRING,"""'4;1'""","""4;1""",75,80,75,80,3,54,3,59
trivia_preservation,13,SYMBOL,""")""",""")""",80,81,80,81,3,59,3,60
trivia_preservation,14,SYMBOL,""";""",""";""",81,82,81,82,3,60,3,61
trivia_preservation,15,WHITESPACE,"""\n""","""\n""",82,83,82,83,3,61,4,1
trivia_preservation,16,IDENTIFIER,"""FILE_NAME""","""FILE_NAME""",83,92,83,92,4,1,4,10
trivia_preservation,17,SYMBOL,"""(""","""(""",92,93,92,93,4,10,4,11
trivia_preservation,18,STRING,"""'fixture.step'""","""fixture.step""",93,107,93,107,4,11,4,25
trivia_preservation,19,SYMBOL,""",""",""",""",107,108,107,108,4,25,4,26
trivia_preservation,20,STRING,"""'2026-01-01T00:00:00'""","""2026-01-01T00:00:00""",108,129,108,129,4,26,4,47
trivia_preservation,21,SYMBOL,""",""",""",""",129,130,129,130,4,47,4,48
trivia_preservation,22,SYMBOL,"""(""","""(""",130,131,130,131,4,48,4,49
trivia_preservation,23,STRING,"""'research-notes'""","""research-notes""",131,147,131,147,4,49,4,65
trivia_preservation,24,SYMBOL,""")""",""")""",147,148,147,148,4,65,4,66
trivia_preservation,25,SYMBOL,""",""",""",""",148,149,148,149,4,66,4,67
trivia_preservation,26,SYMBOL,"""(""","""(""",149,150,149,150,4,67,4,68
trivia_preservation,27,STRING,"""'research-notes'""","""research-notes""",150,166,150,166,4,68,4,84
trivia_preservation,28,SYMBOL,""")""",""")""",166,167,166,167,4,84,4,85
trivia_preservation,29,SYMBOL,""",""",""",""",167,168,167,168,4,85,4,86
trivia_preservation,30,STRING,"""''""","""""",168,170,168,170,4,86,4,88
trivia_preservation,31,SYMBOL,""",""",""",""",170,171,170,171,4,88,4,89
trivia_preservation,32,STRING,"""''""","""""",171,173,171,173,4,89,4,91
trivia_preservation,33,SYMBOL,""",""",""",""",173,174,173,174,4,91,4,92
trivia_preservation,34,STRING,"""''""","""""",174,176,174,176,4,92,4,94
trivia_preservation,35,SYMBOL,""")""",""")""",176,177,176,177,4,94,4,95
trivia_preservation,36,SYMBOL,""";""",""";""",177,178,177,178,4,95,4,96
trivia_preservation,37,WHITESPACE,"""\n""","""\n""",178,179,178,179,4,96,5,1
trivia_preservation,38,IDENTIFIER,"""FILE_SCHEMA""","""FILE_SCHEMA""",179,190,179,190,5,1,5,12
trivia_preservation,39,SYMBOL,"""(""","""(""",190,191,190,191,5,12,5,13
trivia_preservation,40,SYMBOL,"""(""","""(""",191,192,191,192,5,13,5,14
trivia_preservation,41,STRING,"""'DEMO_SCHEMA'""","""DEMO_SCHEMA""",192,205,192,205,5,14,5,27
trivia_preservation,42,SYMBOL,""")""",""")""",205,206,205,206,5,27,5,28
trivia_preservation,43,SYMBOL,""")""",""")""",206,207,206,207,5,28,5,29
trivia_preservation,44,SYMBOL,""";""",""";""",207,208,207,208,5,29,5,30
trivia_preservation,45,WHITESPACE,"""\n""","""\n""",208,209,208,209,5,30,6,1
trivia_preservation,46,IDENTIFIER,"""ENDSEC""","""ENDSEC""",209,215,209,215,6,1,6,7
trivia_preservation,47,SYMBOL,""";""",""";""",215,216,215,216,6,7,6,8
trivia_preservation,48,WHITESPACE,"""\n""","""\n""",216,217,216,217,6,8,7,1
trivia_preservation,49,COMMENT,"""/* DATA-leading comment */""",""" DATA-leading comment """,217,243,217,243,7,1,7,27
trivia_preservation,50,WHITESPACE,"""\n""","""\n""",243,244,243,244,7,27,8,1
trivia_preservation,51,IDENTIFIER,"""DATA""","""DATA""",244,248,244,248,8,1,8,5
trivia_preservation,52,SYMBOL,""";""",""";""",248,249,248,249,8,5,8,6
trivia_preservation,53,WHITESPACE,"""\n""","""\n""",249,250,249,250,8,6,9,1
trivia_preservation,54,ENTITY_REFERENCE,"""#1""","""#1""",250,252,250,252,9,1,9,3
trivia_preservation,55,WHITESPACE,""" """,""" """,252,253,252,253,9,3,9,4
trivia_preservation,56,SYMBOL,"""=""","""=""",253,254,253,254,9,4,9,5
trivia_preservation,57,WHITESPACE,""" """,""" """,254,255,254,255,9,5,9,6
trivia_preservation,58,IDENTIFIER,"""ITEM""","""ITEM""",255,259,255,259,9,6,9,10
trivia_preservation,59,SYMBOL,"""(""","""(""",259,260,259,260,9,10,9,11
trivia_preservation,60,COMMENT,"""/* parameter comment */""",""" parameter comment """,260,283,260,283,9,11,9,34
trivia_preservation,61,WHITESPACE,""" """,""" """,283,284,283,284,9,34,9,35
trivia_preservation,62,STRING,"""'O''Brien'""","""O'Brien""",284,294,284,294,9,35,9,45
trivia_preservation,63,SYMBOL,""",""",""",""",294,295,294,295,9,45,9,46
trivia_preservation,64,WHITESPACE,""" """,""" """,295,296,295,296,9,46,9,47
trivia_preservation,65,SYMBOL,"""(""","""(""",296,297,296,297,9,47,9,48
trivia_preservation,66,NUMBER,"""1""","""1""",297,298,297,298,9,48,9,49
trivia_preservation,67,SYMBOL,""",""",""",""",298,299,298,299,9,49,9,50
trivia_preservation,68,WHITESPACE,""" """,""" """,299,300,299,300,9,50,9,51
trivia_preservation,69,NUMBER,"""2.5""","""2.5""",300,303,300,303,9,51,9,54
trivia_preservation,70,SYMBOL,""",""",""",""",303,304,303,304,9,54,9,55
trivia_preservation,71,WHITESPACE,""" """,""" """,304,305,304,305,9,55,9,56
trivia_preservation,72,ENUMERATION,""".TRUE.""","""TRUE""",305,311,305,311,9,56,9,62
trivia_preservation,73,SYMBOL,""",""",""",""",311,312,311,312,9,62,9,63
trivia_preservation,74,WHITESPACE,""" """,""" """,312,313,312,313,9,63,9,64
trivia_preservation,75,SYMBOL,"""$""","""$""",313,314,313,314,9,64,9,65
trivia_preservation,76,SYMBOL,""",""",""",""",314,315,314,315,9,65,9,66
trivia_preservation,77,WHITESPACE,""" """,""" """,315,316,315,316,9,66,9,67
trivia_preservation,78,SYMBOL,"""*""","""*""",316,317,316,317,9,67,9,68
trivia_preservation,79,SYMBOL,""")""",""")""",317,318,317,318,9,68,9,69
trivia_preservation,80,SYMBOL,""")""",""")""",318,319,318,319,9,69,9,70
trivia_preservation,81,SYMBOL,""";""",""";""",319,320,319,320,9,70,9,71
trivia_preservation,82,WHITESPACE,"""\n""","""\n""",320,321,320,321,9,71,10,1
trivia_preservation,83,IDENTIFIER,"""ENDSEC""","""ENDSEC""",321,327,321,327,10,1,10,7
trivia_preservation,84,SYMBOL,""";""",""";""",327,328,327,328,10,7,10,8
trivia_preservation,85,WHITESPACE,"""\n""","""\n""",328,329,328,329,10,8,11,1
trivia_preservation,86,IDENTIFIER,"""END-ISO-10303-21""","""END-ISO-10303-21""",329,345,329,345,11,1,11,17
trivia_preservation,87,SYMBOL,""";""",""";""",345,346,345,346,11,17,11,18
trivia_preservation,88,WHITESPACE,"""\n""","""\n""",346,347,346,347,11,18,12,1
utf8_coordinates,0,IDENTIFIER,"""ISO-10303-21""","""ISO-10303-21""",0,12,0,12,1,1,1,13
utf8_coordinates,1,SYMBOL,""";""",""";""",12,13,12,13,1,13,1,14
utf8_coordinates,2,WHITESPACE,"""\n""","""\n""",13,14,13,14,1,14,2,1
utf8_coordinates,3,IDENTIFIER,"""HEADER""","""HEADER""",14,20,14,20,2,1,2,7
utf8_coordinates,4,SYMBOL,""";""",""";""",20,21,20,21,2,7,2,8
utf8_coordinates,5,WHITESPACE,"""\n""","""\n""",21,22,21,22,2,8,3,1
utf8_coordinates,6,IDENTIFIER,"""FILE_DESCRIPTION""","""FILE_DESCRIPTION""",22,38,22,38,3,1,3,17
utf8_coordinates,7,SYMBOL,"""(""","""(""",38,39,38,39,3,17,3,18
utf8_coordinates,8,SYMBOL,"""(""","""(""",39,40,39,40,3,18,3,19
utf8_coordinates,9,STRING,"""'Controlled source-model fixture'""","""Controlled source-model fixture""",40,73,40,73,3,19,3,52
utf8_coordinates,10,SYMBOL,""")""",""")""",73,74,73,74,3,52,3,53
utf8_coordinates,11,SYMBOL,""",""",""",""",74,75,74,75,3,53,3,54
utf8_coordinates,12,STRING,"""'4;1'""","""4;1""",75,80,75,80,3,54,3,59
utf8_coordinates,13,SYMBOL,""")""",""")""",80,81,80,81,3,59,3,60
utf8_coordinates,14,SYMBOL,""";""",""";""",81,82,81,82,3,60,3,61
utf8_coordinates,15,WHITESPACE,"""\n""","""\n""",82,83,82,83,3,61,4,1
utf8_coordinates,16,IDENTIFIER,"""FILE_NAME""","""FILE_NAME""",83,92,83,92,4,1,4,10
utf8_coordinates,17,SYMBOL,"""(""","""(""",92,93,92,93,4,10,4,11
utf8_coordinates,18,STRING,"""'fixture.step'""","""fixture.step""",93,107,93,107,4,11,4,25
utf8_coordinates,19,SYMBOL,""",""",""",""",107,108,107,108,4,25,4,26
utf8_coordinates,20,STRING,"""'2026-01-01T00:00:00'""","""2026-01-01T00:00:00""",108,129,108,129,4,26,4,47
utf8_coordinates,21,SYMBOL,""",""",""",""",129,130,129,130,4,47,4,48
utf8_coordinates,22,SYMBOL,"""(""","""(""",130,131,130,131,4,48,4,49
utf8_coordinates,23,STRING,"""'research-notes'""","""research-notes""",131,147,131,147,4,49,4,65
utf8_coordinates,24,SYMBOL,""")""",""")""",147,148,147,148,4,65,4,66
utf8_coordinates,25,SYMBOL,""",""",""",""",148,149,148,149,4,66,4,67
utf8_coordinates,26,SYMBOL,"""(""","""(""",149,150,149,150,4,67,4,68
utf8_coordinates,27,STRING,"""'research-notes'""","""research-notes""",150,166,150,166,4,68,4,84
utf8_coordinates,28,SYMBOL,""")""",""")""",166,167,166,167,4,84,4,85
utf8_coordinates,29,SYMBOL,""",""",""",""",167,168,167,168,4,85,4,86
utf8_coordinates,30,STRING,"""''""","""""",168,170,168,170,4,86,4,88
utf8_coordinates,31,SYMBOL,""",""",""",""",170,171,170,171,4,88,4,89
utf8_coordinates,32,STRING,"""''""","""""",171,173,171,173,4,89,4,91
utf8_coordinates,33,SYMBOL,""",""",""",""",173,174,173,174,4,91,4,92
utf8_coordinates,34,STRING,"""''""","""""",174,176,174,176,4,92,4,94
utf8_coordinates,35,SYMBOL,""")""",""")""",176,177,176,177,4,94,4,95
utf8_coordinates,36,SYMBOL,""";""",""";""",177,178,177,178,4,95,4,96
utf8_coordinates,37,WHITESPACE,"""\n""","""\n""",178,179,178,179,4,96,5,1
utf8_coordinates,38,IDENTIFIER,"""FILE_SCHEMA""","""FILE_SCHEMA""",179,190,179,190,5,1,5,12
utf8_coordinates,39,SYMBOL,"""(""","""(""",190,191,190,191,5,12,5,13
utf8_coordinates,40,SYMBOL,"""(""","""(""",191,192,191,192,5,13,5,14
utf8_coordinates,41,STRING,"""'DEMO_SCHEMA'""","""DEMO_SCHEMA""",192,205,192,205,5,14,5,27
utf8_coordinates,42,SYMBOL,""")""",""")""",205,206,205,206,5,27,5,28
utf8_coordinates,43,SYMBOL,""")""",""")""",206,207,206,207,5,28,5,29
utf8_coordinates,44,SYMBOL,""";""",""";""",207,208,207,208,5,29,5,30
utf8_coordinates,45,WHITESPACE,"""\n""","""\n""",208,209,208,209,5,30,6,1
utf8_coordinates,46,IDENTIFIER,"""ENDSEC""","""ENDSEC""",209,215,209,215,6,1,6,7
utf8_coordinates,47,SYMBOL,""";""",""";""",215,216,215,216,6,7,6,8
utf8_coordinates,48,WHITESPACE,"""\n""","""\n""",216,217,216,217,6,8,7,1
utf8_coordinates,49,IDENTIFIER,"""DATA""","""DATA""",217,221,217,221,7,1,7,5
utf8_coordinates,50,SYMBOL,""";""",""";""",221,222,221,222,7,5,7,6
utf8_coordinates,51,WHITESPACE,"""\n""","""\n""",222,223,222,223,7,6,8,1
utf8_coordinates,52,ENTITY_REFERENCE,"""#1""","""#1""",223,225,223,225,8,1,8,3
utf8_coordinates,53,SYMBOL,"""=""","""=""",225,226,225,226,8,3,8,4
utf8_coordinates,54,IDENTIFIER,"""LABEL""","""LABEL""",226,231,226,231,8,4,8,9
utf8_coordinates,55,SYMBOL,"""(""","""(""",231,232,231,232,8,9,8,10
utf8_coordinates,56,STRING,"""'café 測定面'""","""café 測定面""",232,242,232,249,8,10,8,20
utf8_coordinates,57,SYMBOL,""")""",""")""",242,243,249,250,8,20,8,21
utf8_coordinates,58,SYMBOL,""";""",""";""",243,244,250,251,8,21,8,22
utf8_coordinates,59,WHITESPACE,"""\n""","""\n""",244,245,251,252,8,22,9,1
utf8_coordinates,60,ENTITY_REFERENCE,"""#2""","""#2""",245,247,252,254,9,1,9,3
utf8_coordinates,61,SYMBOL,"""=""","""=""",247,248,254,255,9,3,9,4
utf8_coordinates,62,IDENTIFIER,"""USE""","""USE""",248,251,255,258,9,4,9,7
utf8_coordinates,63,SYMBOL,"""(""","""(""",251,252,258,259,9,7,9,8
utf8_coordinates,64,ENTITY_REFERENCE,"""#1""","""#1""",252,254,259,261,9,8,9,10
utf8_coordinates,65,SYMBOL,""")""",""")""",254,255,261,262,9,10,9,11
utf8_coordinates,66,SYMBOL,""";""",""";""",255,256,262,263,9,11,9,12
utf8_coordinates,67,WHITESPACE,"""\n""","""\n""",256,257,263,264,9,12,10,1
utf8_coordinates,68,IDENTIFIER,"""ENDSEC""","""ENDSEC""",257,263,264,270,10,1,10,7
utf8_coordinates,69,SYMBOL,""";""",""";""",263,264,270,271,10,7,10,8
utf8_coordinates,70,WHITESPACE,"""\n""","""\n""",264,265,271,272,10,8,11,1
utf8_coordinates,71,IDENTIFIER,"""END-ISO-10303-21""","""END-ISO-10303-21""",265,281,272,288,11,1,11,17
utf8_coordinates,72,SYMBOL,""";""",""";""",281,282,288,289,11,17,11,18
utf8_coordinates,73,WHITESPACE,"""\n""","""\n""",282,283,289,290,11,18,12,1
simple_and_complex,0,IDENTIFIER,"""ISO-10303-21""","""ISO-10303-21""",0,12,0,12,1,1,1,13
simple_and_complex,1,SYMBOL,""";""",""";""",12,13,12,13,1,13,1,14
simple_and_complex,2,WHITESPACE,"""\n""","""\n""",13,14,13,14,1,14,2,1
simple_and_complex,3,IDENTIFIER,"""HEADER""","""HEADER""",14,20,14,20,2,1,2,7
simple_and_complex,4,SYMBOL,""";""",""";""",20,21,20,21,2,7,2,8
simple_and_complex,5,WHITESPACE,"""\n""","""\n""",21,22,21,22,2,8,3,1
simple_and_complex,6,IDENTIFIER,"""FILE_DESCRIPTION""","""FILE_DESCRIPTION""",22,38,22,38,3,1,3,17
simple_and_complex,7,SYMBOL,"""(""","""(""",38,39,38,39,3,17,3,18
simple_and_complex,8,SYMBOL,"""(""","""(""",39,40,39,40,3,18,3,19
simple_and_complex,9,STRING,"""'Controlled source-model fixture'""","""Controlled source-model fixture""",40,73,40,73,3,19,3,52
simple_and_complex,10,SYMBOL,""")""",""")""",73,74,73,74,3,52,3,53
simple_and_complex,11,SYMBOL,""",""",""",""",74,75,74,75,3,53,3,54
simple_and_complex,12,STRING,"""'4;1'""","""4;1""",75,80,75,80,3,54,3,59
simple_and_complex,13,SYMBOL,""")""",""")""",80,81,80,81,3,59,3,60
simple_and_complex,14,SYMBOL,""";""",""";""",81,82,81,82,3,60,3,61
simple_and_complex,15,WHITESPACE,"""\n""","""\n""",82,83,82,83,3,61,4,1
simple_and_complex,16,IDENTIFIER,"""FILE_NAME""","""FILE_NAME""",83,92,83,92,4,1,4,10
simple_and_complex,17,SYMBOL,"""(""","""(""",92,93,92,93,4,10,4,11
simple_and_complex,18,STRING,"""'fixture.step'""","""fixture.step""",93,107,93,107,4,11,4,25
simple_and_complex,19,SYMBOL,""",""",""",""",107,108,107,108,4,25,4,26
simple_and_complex,20,STRING,"""'2026-01-01T00:00:00'""","""2026-01-01T00:00:00""",108,129,108,129,4,26,4,47
simple_and_complex,21,SYMBOL,""",""",""",""",129,130,129,130,4,47,4,48
simple_and_complex,22,SYMBOL,"""(""","""(""",130,131,130,131,4,48,4,49
simple_and_complex,23,STRING,"""'research-notes'""","""research-notes""",131,147,131,147,4,49,4,65
simple_and_complex,24,SYMBOL,""")""",""")""",147,148,147,148,4,65,4,66
simple_and_complex,25,SYMBOL,""",""",""",""",148,149,148,149,4,66,4,67
simple_and_complex,26,SYMBOL,"""(""","""(""",149,150,149,150,4,67,4,68
simple_and_complex,27,STRING,"""'research-notes'""","""research-notes""",150,166,150,166,4,68,4,84
simple_and_complex,28,SYMBOL,""")""",""")""",166,167,166,167,4,84,4,85
simple_and_complex,29,SYMBOL,""",""",""",""",167,168,167,168,4,85,4,86
simple_and_complex,30,STRING,"""''""","""""",168,170,168,170,4,86,4,88
simple_and_complex,31,SYMBOL,""",""",""",""",170,171,170,171,4,88,4,89
simple_and_complex,32,STRING,"""''""","""""",171,173,171,173,4,89,4,91
simple_and_complex,33,SYMBOL,""",""",""",""",173,174,173,174,4,91,4,92
simple_and_complex,34,STRING,"""''""","""""",174,176,174,176,4,92,4,94
simple_and_complex,35,SYMBOL,""")""",""")""",176,177,176,177,4,94,4,95
simple_and_complex,36,SYMBOL,""";""",""";""",177,178,177,178,4,95,4,96
simple_and_complex,37,WHITESPACE,"""\n""","""\n""",178,179,178,179,4,96,5,1
simple_and_complex,38,IDENTIFIER,"""FILE_SCHEMA""","""FILE_SCHEMA""",179,190,179,190,5,1,5,12
simple_and_complex,39,SYMBOL,"""(""","""(""",190,191,190,191,5,12,5,13
simple_and_complex,40,SYMBOL,"""(""","""(""",191,192,191,192,5,13,5,14
simple_and_complex,41,STRING,"""'DEMO_SCHEMA'""","""DEMO_SCHEMA""",192,205,192,205,5,14,5,27
simple_and_complex,42,SYMBOL,""")""",""")""",205,206,205,206,5,27,5,28
simple_and_complex,43,SYMBOL,""")""",""")""",206,207,206,207,5,28,5,29
simple_and_complex,44,SYMBOL,""";""",""";""",207,208,207,208,5,29,5,30
simple_and_complex,45,WHITESPACE,"""\n""","""\n""",208,209,208,209,5,30,6,1
simple_and_complex,46,IDENTIFIER,"""ENDSEC""","""ENDSEC""",209,215,209,215,6,1,6,7
simple_and_complex,47,SYMBOL,""";""",""";""",215,216,215,216,6,7,6,8
simple_and_complex,48,WHITESPACE,"""\n""","""\n""",216,217,216,217,6,8,7,1
simple_and_complex,49,IDENTIFIER,"""DATA""","""DATA""",217,221,217,221,7,1,7,5
simple_and_complex,50,SYMBOL,""";""",""";""",221,222,221,222,7,5,7,6
simple_and_complex,51,WHITESPACE,"""\n""","""\n""",222,223,222,223,7,6,8,1
simple_and_complex,52,ENTITY_REFERENCE,"""#1""","""#1""",223,225,223,225,8,1,8,3
simple_and_complex,53,SYMBOL,"""=""","""=""",225,226,225,226,8,3,8,4
simple_and_complex,54,IDENTIFIER,"""ITEM""","""ITEM""",226,230,226,230,8,4,8,8
simple_and_complex,55,SYMBOL,"""(""","""(""",230,231,230,231,8,8,8,9
simple_and_complex,56,STRING,"""'simple'""","""simple""",231,239,231,239,8,9,8,17
simple_and_complex,57,SYMBOL,""")""",""")""",239,240,239,240,8,17,8,18
simple_and_complex,58,SYMBOL,""";""",""";""",240,241,240,241,8,18,8,19
simple_and_complex,59,WHITESPACE,"""\n""","""\n""",241,242,241,242,8,19,9,1
simple_and_complex,60,ENTITY_REFERENCE,"""#2""","""#2""",242,244,242,244,9,1,9,3
simple_and_complex,61,SYMBOL,"""=""","""=""",244,245,244,245,9,3,9,4
simple_and_complex,62,SYMBOL,"""(""","""(""",245,246,245,246,9,4,9,5
simple_and_complex,63,IDENTIFIER,"""REPRESENTATION_ITEM""","""REPRESENTATION_ITEM""",246,265,246,265,9,5,9,24
simple_and_complex,64,SYMBOL,"""(""","""(""",265,266,265,266,9,24,9,25
simple_and_complex,65,STRING,"""'complex'""","""complex""",266,275,266,275,9,25,9,34
simple_and_complex,66,SYMBOL,""")""",""")""",275,276,275,276,9,34,9,35
simple_and_complex,67,WHITESPACE,""" """,""" """,276,277,276,277,9,35,9,36
simple_and_complex,68,IDENTIFIER,"""CURVE""","""CURVE""",277,282,277,282,9,36,9,41
simple_and_complex,69,SYMBOL,"""(""","""(""",282,283,282,283,9,41,9,42
simple_and_complex,70,SYMBOL,""")""",""")""",283,284,283,284,9,42,9,43
simple_and_complex,71,SYMBOL,""")""",""")""",284,285,284,285,9,43,9,44
simple_and_complex,72,SYMBOL,""";""",""";""",285,286,285,286,9,44,9,45
simple_and_complex,73,WHITESPACE,"""\n""","""\n""",286,287,286,287,9,45,10,1
simple_and_complex,74,IDENTIFIER,"""ENDSEC""","""ENDSEC""",287,293,287,293,10,1,10,7
simple_and_complex,75,SYMBOL,""";""",""";""",293,294,293,294,10,7,10,8
simple_and_complex,76,WHITESPACE,"""\n""","""\n""",294,295,294,295,10,8,11,1
simple_and_complex,77,IDENTIFIER,"""END-ISO-10303-21""","""END-ISO-10303-21""",295,311,295,311,11,1,11,17
simple_and_complex,78,SYMBOL,""";""",""";""",311,312,311,312,11,17,11,18
simple_and_complex,79,WHITESPACE,"""\n""","""\n""",312,313,312,313,11,18,12,1
forward_reference,0,IDENTIFIER,"""ISO-10303-21""","""ISO-10303-21""",0,12,0,12,1,1,1,13
forward_reference,1,SYMBOL,""";""",""";""",12,13,12,13,1,13,1,14
forward_reference,2,WHITESPACE,"""\n""","""\n""",13,14,13,14,1,14,2,1
forward_reference,3,IDENTIFIER,"""HEADER""","""HEADER""",14,20,14,20,2,1,2,7
forward_reference,4,SYMBOL,""";""",""";""",20,21,20,21,2,7,2,8
forward_reference,5,WHITESPACE,"""\n""","""\n""",21,22,21,22,2,8,3,1
forward_reference,6,IDENTIFIER,"""FILE_DESCRIPTION""","""FILE_DESCRIPTION""",22,38,22,38,3,1,3,17
forward_reference,7,SYMBOL,"""(""","""(""",38,39,38,39,3,17,3,18
forward_reference,8,SYMBOL,"""(""","""(""",39,40,39,40,3,18,3,19
forward_reference,9,STRING,"""'Controlled source-model fixture'""","""Controlled source-model fixture""",40,73,40,73,3,19,3,52
forward_reference,10,SYMBOL,""")""",""")""",73,74,73,74,3,52,3,53
forward_reference,11,SYMBOL,""",""",""",""",74,75,74,75,3,53,3,54
forward_reference,12,STRING,"""'4;1'""","""4;1""",75,80,75,80,3,54,3,59
forward_reference,13,SYMBOL,""")""",""")""",80,81,80,81,3,59,3,60
forward_reference,14,SYMBOL,""";""",""";""",81,82,81,82,3,60,3,61
forward_reference,15,WHITESPACE,"""\n""","""\n""",82,83,82,83,3,61,4,1
forward_reference,16,IDENTIFIER,"""FILE_NAME""","""FILE_NAME""",83,92,83,92,4,1,4,10
forward_reference,17,SYMBOL,"""(""","""(""",92,93,92,93,4,10,4,11
forward_reference,18,STRING,"""'fixture.step'""","""fixture.step""",93,107,93,107,4,11,4,25
forward_reference,19,SYMBOL,""",""",""",""",107,108,107,108,4,25,4,26
forward_reference,20,STRING,"""'2026-01-01T00:00:00'""","""2026-01-01T00:00:00""",108,129,108,129,4,26,4,47
forward_reference,21,SYMBOL,""",""",""",""",129,130,129,130,4,47,4,48
forward_reference,22,SYMBOL,"""(""","""(""",130,131,130,131,4,48,4,49
forward_reference,23,STRING,"""'research-notes'""","""research-notes""",131,147,131,147,4,49,4,65
forward_reference,24,SYMBOL,""")""",""")""",147,148,147,148,4,65,4,66
forward_reference,25,SYMBOL,""",""",""",""",148,149,148,149,4,66,4,67
forward_reference,26,SYMBOL,"""(""","""(""",149,150,149,150,4,67,4,68
forward_reference,27,STRING,"""'research-notes'""","""research-notes""",150,166,150,166,4,68,4,84
forward_reference,28,SYMBOL,""")""",""")""",166,167,166,167,4,84,4,85
forward_reference,29,SYMBOL,""",""",""",""",167,168,167,168,4,85,4,86
forward_reference,30,STRING,"""''""","""""",168,170,168,170,4,86,4,88
forward_reference,31,SYMBOL,""",""",""",""",170,171,170,171,4,88,4,89
forward_reference,32,STRING,"""''""","""""",171,173,171,173,4,89,4,91
forward_reference,33,SYMBOL,""",""",""",""",173,174,173,174,4,91,4,92
forward_reference,34,STRING,"""''""","""""",174,176,174,176,4,92,4,94
forward_reference,35,SYMBOL,""")""",""")""",176,177,176,177,4,94,4,95
forward_reference,36,SYMBOL,""";""",""";""",177,178,177,178,4,95,4,96
forward_reference,37,WHITESPACE,"""\n""","""\n""",178,179,178,179,4,96,5,1
forward_reference,38,IDENTIFIER,"""FILE_SCHEMA""","""FILE_SCHEMA""",179,190,179,190,5,1,5,12
forward_reference,39,SYMBOL,"""(""","""(""",190,191,190,191,5,12,5,13
forward_reference,40,SYMBOL,"""(""","""(""",191,192,191,192,5,13,5,14
forward_reference,41,STRING,"""'DEMO_SCHEMA'""","""DEMO_SCHEMA""",192,205,192,205,5,14,5,27
forward_reference,42,SYMBOL,""")""",""")""",205,206,205,206,5,27,5,28
forward_reference,43,SYMBOL,""")""",""")""",206,207,206,207,5,28,5,29
forward_reference,44,SYMBOL,""";""",""";""",207,208,207,208,5,29,5,30
forward_reference,45,WHITESPACE,"""\n""","""\n""",208,209,208,209,5,30,6,1
forward_reference,46,IDENTIFIER,"""ENDSEC""","""ENDSEC""",209,215,209,215,6,1,6,7
forward_reference,47,SYMBOL,""";""",""";""",215,216,215,216,6,7,6,8
forward_reference,48,WHITESPACE,"""\n""","""\n""",216,217,216,217,6,8,7,1
forward_reference,49,IDENTIFIER,"""DATA""","""DATA""",217,221,217,221,7,1,7,5
forward_reference,50,SYMBOL,""";""",""";""",221,222,221,222,7,5,7,6
forward_reference,51,WHITESPACE,"""\n""","""\n""",222,223,222,223,7,6,8,1
forward_reference,52,ENTITY_REFERENCE,"""#1""","""#1""",223,225,223,225,8,1,8,3
forward_reference,53,SYMBOL,"""=""","""=""",225,226,225,226,8,3,8,4
forward_reference,54,IDENTIFIER,"""USE""","""USE""",226,229,226,229,8,4,8,7
forward_reference,55,SYMBOL,"""(""","""(""",229,230,229,230,8,7,8,8
forward_reference,56,ENTITY_REFERENCE,"""#2""","""#2""",230,232,230,232,8,8,8,10
forward_reference,57,SYMBOL,""")""",""")""",232,233,232,233,8,10,8,11
forward_reference,58,SYMBOL,""";""",""";""",233,234,233,234,8,11,8,12
forward_reference,59,WHITESPACE,"""\n""","""\n""",234,235,234,235,8,12,9,1
forward_reference,60,ENTITY_REFERENCE,"""#2""","""#2""",235,237,235,237,9,1,9,3
forward_reference,61,SYMBOL,"""=""","""=""",237,238,237,238,9,3,9,4
forward_reference,62,IDENTIFIER,"""ITEM""","""ITEM""",238,242,238,242,9,4,9,8
forward_reference,63,SYMBOL,"""(""","""(""",242,243,242,243,9,8,9,9
forward_reference,64,STRING,"""'target'""","""target""",243,251,243,251,9,9,9,17
forward_reference,65,SYMBOL,""")""",""")""",251,252,251,252,9,17,9,18
forward_reference,66,SYMBOL,""";""",""";""",252,253,252,253,9,18,9,19
forward_reference,67,WHITESPACE,"""\n""","""\n""",253,254,253,254,9,19,10,1
forward_reference,68,IDENTIFIER,"""ENDSEC""","""ENDSEC""",254,260,254,260,10,1,10,7
forward_reference,69,SYMBOL,""";""",""";""",260,261,260,261,10,7,10,8
forward_reference,70,WHITESPACE,"""\n""","""\n""",261,262,261,262,10,8,11,1
forward_reference,71,IDENTIFIER,"""END-ISO-10303-21""","""END-ISO-10303-21""",262,278,262,278,11,1,11,17
forward_reference,72,SYMBOL,""";""",""";""",278,279,278,279,11,17,11,18
forward_reference,73,WHITESPACE,"""\n""","""\n""",279,280,279,280,11,18,12,1
